Column1;Column2;Column3;Column4
1;"""";O;1
1;Wingardium;B-SPELL;1
1;Leviosa;I-SPELL;1
1;!;O;1
1;"""";O;1
1;he;O;1
1;shouted;O;1
1;,;O;1
1;waving;O;1
1;his;O;1
1;long;O;1
1;arms;O;1
1;like;O;1
1;a;O;1
1;windwill;O;1
2;"""";O;2
2;It;O;2
2;APOS;O;2
2;Wing;B-SPELL;2
2;-;O;2
2;gar;I-SPELL;2
2;-;O;2
2;dium;I-SPELL;2
2;Levi;B-SPELL;2
2;-;O;2
2;o;I-SPELL;2
2;-;O;2
2;sa;I-SPELL;2
2;,;O;2
2;make;O;2
2;the;O;2
2;"""";O;2
2;gar;I-SPELL;2
2;"""";O;2
2;nice;O;2
2;and;O;2
2;long;O;2
2;".""";O;2
3;They;O;3
3;tugged;O;3
3;and;O;3
3;heaved;O;3
3;at ;O;3
3;the;O;3
3;door;O;3
3;,;O;3
3;but;O;3
3;it;O;3
3;wouldn;O;3
3;APOS;O;3
3;t;O;3
3;budge;O;3
3;,;O;3
3;not;O;3
3;even;O;3
3;when;O;3
3;Hermione;B-PER;3
3;tried;O;3
3;her;O;3
3;Alohomora;B-SPELL;3
3;charm;O;3
3;.;O;3
4;She;O;4
4;grabbed;O;4
4;Harry;B-PER;4
4;APOS;O;4
4;s;O;4
4;wand;B-ARTIFACT;4
4;,;O;4
4;tapped;O;4
4;the;O;4
4;lock;O;4
4;,;O;4
4;and;O;4
4;whispered;O;4
4;,;O;4
4;"""";O;4
4;Alohomora;B-SPELL;4
4;!;O;4
4;"""";O;4
5;"""";O;5
5;Lumos;B-SPELL;5
5;!;O;5
5;"""";O;5
5;Harry;B-PER;5
5;muttered;O;5
5;to ;O;5
5;his;O;5
5;wand;B-ARTIFACT;5
5;and;O;5
5;it;O;5
5;lit;O;5
5;again;O;5
5;.;O;5
6;Harry;B-PER;6
6;took;O;6
6;out;O;6
6;his;O;6
6;wand;B-ARTIFACT;6
6;,;O;6
6;murmured;O;6
6;,;O;6
6;"""";O;6
6;Lumos;B-SPELL;6
6;!;O;6
6;"""";O;6
6;and;O;6
6;a;O;6
6;tiny;O;6
6;light;O;6
6;appeared;O;6
6;at ;O;6
6;the;O;6
6;end;O;6
6;of;O;6
6;it;O;6
6;,;O;6
6;just;O;6
6;enough;O;6
6;to ;O;6
6;let;O;6
6;them;O;6
6;watch;O;6
6;the;O;6
6;path;O;6
6;for;O;6
6;232;O;6
6;signs;O;6
6;of;O;6
6;spiders;O;6
6;.;O;6
7;Snape;B-PER;7
7;cried;O;7
7;:;O;7
7;"""";O;7
7;Expelliarmus;B-SPELL;7
7;!;O;7
7;"""";O;7
8;He;O;8
8;pulled;O;8
8;out;O;8
8;his;O;8
8;wand;B-ARTIFACT;8
8;and;O;8
8;shouted;O;8
8;,;O;8
8;"""";O;8
8;Expelliarmus;B-SPELL;8
8;!;O;8
8;"""";O;8
8;and;O;8
8;just;O;8
8;as;O;8
8;Snape;B-PER;8
8;had;O;8
8;disarmed;O;8
8;Lockhart;B-PER;8
8;,;O;8
8;so;O;8
8;Malfoy;B-PER;8
8;found;O;8
8;the;O;8
8;diary;O;8
8;shooting;O;8
8;out;O;8
8;of;O;8
8;his;O;8
8;hand;O;8
8;into ;O;8
8;the;O;8
8;air;O;8
8;.;O;8
9;Lockhart;B-PER;9
9;had;O;9
9;barely;O;9
9;raised;O;9
9;his;O;9
9;,;O;9
9;when;O;9
9;Harry;B-PER;9
9;bellowed;O;9
9;,;O;9
9;"""";O;9
9;Expelliarmus;B-SPELL;9
9;!;O;9
9;"""";O;9
10;He;O;10
10;raised;O;10
10;Ron;B-PER;10
10;APOS;O;10
10;s;O;10
10;Spellotaped;O;10
10;wand;B-ARTIFACT;10
10;high;O;10
10;over;O;10
10;his;O;10
10;head;O;10
10;and;O;10
10;yelled;O;10
10;,;O;10
10;"""";O;10
10;Obliviate;B-SPELL;10
10;!;O;10
10;"""";O;10
11;Harry;B-PER;11
11;pointed;O;11
11;his;O;11
11;wand;B-ARTIFACT;11
11;straight;O;11
11;at ;O;11
11;Malfoy;B-PER;11
11;and;O;11
11;shouted;O;11
11;,;O;11
11;"""";O;11
11;Rictusembra;B-SPELL;11
11;!;O;11
11;"""";O;11
12;Malfoy;B-PER;12
12;raised;O;12
12;his;O;12
12;wand;B-ARTIFACT;12
12;quickly;O;12
12;and;O;12
12;bellowed;O;12
12;,;O;12
12;"""";O;12
12;Serpensortia;B-SPELL;12
12;!;O;12
12;"""";O;12
13;She;O;13
13;tapped;O;13
13;the;O;13
13;diary;O;13
13;three;O;13
13;times;O;13
13;and;O;13
13;said;O;13
13;,;O;13
13;"""";O;13
13;Aparecium;B-SPELL;13
13;!;O;13
13;"""";O;13
14;"""";O;14
14;Expecto;B-SPELL;14
14;patronum;I-SPELL;14
14;,;O;14
14;"""";O;14
14;Harry;B-PER;14
14;repeated;O;14
14;under;O;14
14;his;O;14
14;breath;O;14
14;,;O;14
14;"""";O;14
14;expecto;B-SPELL;14
14;patronum;I-SPELL;14
14;.;O;14
14;"""";O;14
15;A;O;15
15;wave;O;15
15;of;O;15
15;piercing;O;15
15;cold;O;15
15;broke;O;15
15;over;O;15
15;him;O;15
15;-;O;15
15;-;O;15
15;"""";O;15
15;Expecto;B-SPELL;15
15;patronum;I-SPELL;15
15;!;O;15
15;"""";O;15
15;Harry;B-PER;15
15;yelled;O;15
15;.;O;15
16;"""";O;16
16;EXPECTO;B-SPELL;16
16;PATRONUM;I-SPELL;16
16;!;O;16
16;"""";O;16
16;Harry;B-PER;16
16;bellowed;O;16
16;.;O;16
17;Plunging;O;17
17;a;O;17
17;hand;O;17
17;down;O;17
17;the;O;17
17;neck;O;17
17;of;O;17
17;his;O;17
17;robes;O;17
17;,;O;17
17;he;O;17
17;whipped;O;17
17;out;O;17
17;his;O;17
17;wand;B-ARTIFACT;17
17;and;O;17
17;roared;O;17
17;,;O;17
17;"""";O;17
17;Expecto;B-SPELL;17
17;patronum;I-SPELL;17
17;!;O;17
17;"""";O;17
18;"""";O;18
18;EXPECTO;B-SPELL;18
18;PATRONUM;I-SPELL;18
18;!;O;18
18;"""";O;18
18;Harry;B-PER;18
18;yelled;O;18
18;,;O;18
18;trying;O;18
18;to blot;O;18
18;the ;O;18
18;screaming;O;18
18;from;O;18
18;his;O;18
18;ears;O;18
18;.;O;18
19;He;O;19
19;hurried;O;19
19;over;O;19
19;to blot;O;19
19;Ron;B-PER;19
19;,;O;19
19;bent;O;19
19;down;O;19
19;,;O;19
19;tapped;O;19
19;Ron;B-PER;19
19;;O;19
19;s;O;19
19;leg;O;19
19;with;O;19
19;his;O;19
19;wand;B-ARTIFACT;19
19;,;O;19
19;and;O;19
19;muttered;O;19
19;,;O;19
19;"""";O;19
19;Ferula;B-SPELL;19
19;.;O;19
19;"""";O;19
20;"""";O;20
20;Riddikulus;B-SPELL;20
20;!;O;20
20;"""";O;20
20;roared;O;20
20;Lupin;B-PER;20
20;,;O;20
20;springing;O;20
20;forward;O;20
20;.;O;20
21;Then;O;21
21;they;O;21
21;saw;O;21
21;a;O;21
21;silvery;O;21
21;-;O;21
21;white;O;21
21;orb;B-ARTIFACT;21
21;hanging;O;21
21;into ;O;21
21;the;O;21
21;air;O;21
21;into ;O;21
21;front;O;21
21;of;O;21
21;Lupin;B-PER;21
21;,;O;21
21;who;O;21
21;said;O;21
21;,;O;21
21;"""";O;21
21;Riddikulus;B-SPELL;21
21;!;O;21
21;"""";O;21
21;almost;O;21
21;lazily;O;21
21;.;O;21
22;Somewhere;O;22
22;above;O;22
22;him;O;22
22;,;O;22
22;Hermione;B-PER;22
22;whispered;O;22
22;,;O;22
22;Mobiliarbus;B-SPELL;22
22;!;O;22
22;"""";O;22
23;"""";O;23
23;Nox;B-SPELL;23
23;,;O;23
23;"""";O;23
23;they;O;23
23;whispered;O;23
23;together;O;23
23;,;O;23
23;and;O;23
23;the;O;23
23;lights;O;23
23;at ;O;23
23;the;O;23
23;end;O;23
23;of;O;23
23;their;O;23
23;wands;B-ARTIFACT;23
23;went;O;23
23;out;O;23
23;.;O;23
24;Harry;B-PER;24
24;groped;O;24
24;forward;O;24
24;his;O;24
24;wand;B-ARTIFACT;24
24;,;O;24
24;blinking;O;24
24;blood;O;24
24;out;O;24
24;of;O;24
24;his;O;24
24;eyes;O;24
24;"""";O;24
24;Lumos;B-SPELL;24
24;!;O;24
24;"""";O;24
24;he;O;24
24;whispered;O;24
24;.;O;24
25;"""";O;25
25;Expelliarmus;B-SPELL;25
25;!;O;25
25;"""";O;25
25;he;O;25
25;croaked;O;25
25;,;O;25
25;pointing;O;25
25;Ron;B-PER;25
25;APOS;O;25
25;s;O;25
25;wand;B-ARTIFACT;25
25;at ;O;25
25;them;O;25
25;.;O;25
26;They;O;26
26;APOS;O;26
26;re;O;26
26;deep;O;26
26;,;O;26
26;mind;O;26
26;,;O;26
26;centaurs;B-CREATURE;26
26;.;O;26
26;.;O;26
26;.;O;26
26;they;O;26
26;know;O;26
26;things;O;26
26;.;O;26
26;.;O;26
26;.;O;26
26;jus;O;26
26;APOS;O;26
26;don;O;26
26;APOS;O;26
26;let;O;26
26;on;O;26
26;much;O;26
27;Centaurs;B-CREATURE;27
27;are;O;27
27;concerned;O;27
27;with;O;27
27;what;O;27
27;has;O;27
27;been;O;27
27;foretold;O;27
27;!;O;27
28;Harry;B-PER;28
28;watched;O;28
28;the;O;28
28;goblin;B-CREATURE;28
28;on;O;28
28;their;O;28
28;right;O;28
28;weighting;O;28
28;a;O;28
28;pile;O;28
28;of;O;28
28;rubies;O;28
28;as;O;28
28;big;O;28
28;as;O;28
28;glowing;O;28
28;coals;O;28
28;.;O;28
29;"""";O;29
29;If;O;29
29;anyone;O;29
29;but;O;29
29;a;O;29
29;Gringotts;B-LOC;29
29;goblin;B-CREATURE;29
29;tried;O;29
29;that;O;29
29;,;O;29
29;they;O;29
29;APOS;O;29
29;d;O;29
29;be;O;29
29;sucked;O;29
29;through;O;29
29;the;O;29
29;door;O;29
29;and;O;29
29;trapped;O;29
29;in;O;29
29;there;O;29
29;,;O;29
29;"""";O;29
29;said;O;29
29;Griphook;B-PER;29
29;.;O;29
30;Never;O;30
30;mess;O;30
30;with;O;30
30;goblins;B-CREATURE;30
30;,;O;30
30;Harry;B-PER;30
30;.;O;30
31;While;O;31
31;Hagrid;B-PER;31
31;asked;O;31
31;the;O;31
31;man;O;31
31;behind;O;31
31;the;O;31
31;counter;O;31
31;for;O;31
31;a;O;31
31;supply;O;31
31;of;O;31
31;some ;O;31
31;basic;O;31
31;potion;B-ARTIFACT;31
31;ingredients;O;31
31;for;O;31
31;Harry;B-PER;31
31;,;O;31
31;Harry;B-PER;31
31;himself;O;31
31;examined;O;31
31;silvery;O;31
31;unicorn;B-CREATURE;31
31;horns;O;31
31;at ;O;31
31;twenty;O;31
31;-;O;31
31;one;O;31
31;Galleons;O;31
31;each;O;31
31;.;O;31
32;We;O;32
32;use;O;32
32;unicorn;B-CREATURE;32
32;hairs;O;32
32;,;O;32
32;phoenix;B-CREATURE;32
32;tail;O;32
32;feathers;O;32
32;,;O;32
32;and;O;32
32;the;O;32
32;heartstrings;O;32
32;of;O;32
32;dragons;B-CREATURE;32
32;.;O;32
33;"""";O;33
33;Could;O;33
33;a;O;33
33;werewolf;B-CREATURE;33
33;be;O;33
33;killing;O;33
33;the;O;33
33;unicorns;B-CREATURE;33
33;?;O;33
33;"""";O;33
33;Harry;B-PER;33
33;asked;O;33
33;.;O;33
34;Would;O;34
34;she;O;34
34;recognize;O;34
34;a;O;34
34;dragons;B-CREATURE;34
34;bite;O;34
34;?;O;34
35;I;O;35
35;tell;O;35
35;you;O;35
35;,;O;35
35;that;O;35
35;dragon;B-CREATURE;35
35;APOS;O;35
35;s;O;35
35;the;O;35
35;most;O;35
35;horrible;O;35
35;creature;O;35
35;I;O;35
35;;O;35
35;ve;O;35
35;ever;O;35
35;met;O;35
35;,;O;35
35;but;O;35
35;the;O;35
35;way;O;35
35;Hagrid;B-PER;35
35;goes;O;35
35;on;O;35
35;about;O;35
35;it;O;35
35;,;O;35
35;you;O;35
35;;O;35
35;d;O;35
35;think;O;35
35;it;O;35
35;was;O;35
35;a;O;35
35;fluffy;O;35
35;little;O;35
35;bunny;O;35
35;rabbit;O;35
35;.;O;35
36;He;O;36
36;remembered;O;36
36;the;O;36
36;dragons;B-CREATURE;36
36;said;O;36
36;to;O;36
36;be;O;36
36;guarding;O;36
36;vaults;O;36
36;in;O;36
36;the;O;36
36;wizards;O;36
36;APOS;O;36
36;bank;O;36
36;.;O;36
37;The;O;37
37;pixies;B-CREATURE;37
37;were;O;37
37;electric;O;37
37;blue;O;37
37;and;O;37
37;about;O;37
37;eight;O;37
37;inches;O;37
37;high;O;37
37;,;O;37
37;with;O;37
37;pointed;O;37
37;faces;O;37
37;and;O;37
37;voices;O;37
37;so;O;37
37;shrill;O;37
37;it;O;37
37;was;O;37
37;like;O;37
37;listening;O;37
37;to;O;37
37;a;O;37
37;lot;O;37
37;of;O;37
37;budgies;O;37
37;arguing;O;37
37;.;O;37
38;The;O;38
38;pixies;B-CREATURE;38
38;shot;O;38
38;in;O;38
38;every;O;38
38;direction;O;38
38;like;O;38
38;rockets;O;38
38;.;O;38
39;One;O;39
39;of;O;39
39;the;O;39
39;pixies;B-CREATURE;39
39;seized;O;39
39;his;O;39
39;wand;B-ARTIFACT;39
39;and;O;39
39;threw;O;39
39;it;O;39
39;out;O;39
39;the;O;39
39;window;O;39
39;,;O;39
39;too;O;39
39;.;O;39
40;Out;O;40
40;of;O;40
40;the;O;40
40;many;O;40
40;fearsome;O;40
40;beasts;O;40
40;and;O;40
40;monsters;O;40
40;that;O;40
40;roam;O;40
40;our;O;40
40;land;O;40
40;,;O;40
40;there;O;40
40;is;O;40
40;none;O;40
40;more;O;40
40;curious;O;40
40;or;O;40
40;more;O;40
40;deadly;O;40
40;than;O;40
40;the;O;40
40;Basilisk;B-CREATURE;40
40;,;O;40
40;known;O;40
40;also;O;40
40;asked;O;40
40;the;O;40
40;King;O;40
40;of;O;40
40;Serpents;O;40
40;.;O;40
41;The;O;41
41;Basilisk;B-CREATURE;41
41;has;O;41
41;a;O;41
41;murderous;O;41
41;stare;O;41
41;,;O;41
41;and;O;41
41;all;O;41
41;who;O;41
41;are;O;41
41;fixed;O;41
41;with;O;41
41;the;O;41
41;beam;O;41
41;of;O;41
41;its;O;41
41;eye;O;41
41;shall;O;41
41;suffer;O;41
41;instant;O;41
41;death;O;41
41;.;O;41
42;Could;O;42
42;the;O;42
42;basilisk;B-CREATURE;42
42;be;O;42
42;lurking;O;42
42;in;O;42
42;a;O;42
42;shadowy;O;42
42;corner;O;42
42;,;O;42
42;behind;O;42
42;a;O;42
42;pillar;O;42
42;?;O;42
43;The;O;43
43;basilisk;B-CREATURE;43
43;was;O;43
43;snapping;O;43
43;furiously;O;43
43;at;O;43
43;him;O;43
43;with;O;43
43;fangs;O;43
43;long;O;43
43;and;O;43
43;think;O;43
43;asked;O;43
43;sabers;O;43
43;.;O;43
44;Phoenixes;B-CREATURE;44
44;burst;O;44
44;into;O;44
44;flame;O;44
44;when;O;44
44;it;O;44
44;is;O;44
44;time;O;44
44;for;O;44
44;them;O;44
44;to;O;44
44;die;O;44
44;and;O;44
44;are;O;44
44;reborn;O;44
44;from;O;44
44;the;O;44
44;ashes;O;44
44;.;O;44
45;It;O;45
45;is;O;45
45;very;O;45
45;painful;O;45
45;to;O;45
45;turn;O;45
45;into;O;45
45;a;O;45
45;werewolf;B-CREATURE;45
45;.;O;45
46;As;O;46
46;the;O;46
46;werewolf;B-CREATURE;46
46;reared;O;46
46;,;O;46
46;snapping;O;46
46;its;O;46
46;long;O;46
46;jaws;O;46
46;,;O;46
46;Sirius;B-PER;46
46;disappeared;O;46
46;from;O;46
46;Harry;B-PER;46
46;APOS;O;46
46;s;O;46
46;side;O;46
46;.;O;46
47;I;O;47
47;thought;O;47
47;a;O;47
47;Patronus;B-SPELL;47
47;would;O;47
47;charge;O;47
47;the;O;47
47;dementors;B-CREATURE;47
47;down;O;47
47;or;O;47
47;something;O;47
47;.;O;47
48;The;O;48
48;dementors;B-CREATURE;48
48;glided;O;48
48;forward;O;48
48;,;O;48
48;drawing;O;48
48;its;O;48
48;breath;O;48
48;";";O;48
48;one;O;48
48;rotting;O;48
48;hand;O;48
48;was;O;48
48;extending;O;48
48;toward;O;48
48;Harry;B-PER;48
48;"""";O;48
48;Expecto;B-SPELL;48
48;patronum;I-SPELL;48
48;!;O;48
48;"""";O;48
48;Harry;B-PER;48
48;yelled;O;48
48;.;O;48
49;The;O;49
49;dementors;B-CREATURE;49
49;stepped;O;49
49;from;O;49
49;the;O;49
49;box;O;49
49;and;O;49
49;started;O;49
49;to;O;49
49;sweep;O;49
49;silently;O;49
49;toward;O;49
49;Harry;B-PER;49
49;,;O;49
49;drawing;O;49
49;a;O;49
49;deep;O;49
49;,;O;49
49;rattling;O;49
49;breath;O;49
49;.;O;49
50;"""";O;50
50;I;O;50
50;assumed;O;50
50;that;O;50
50;if;O;50
50;the;O;50
50;boggart;B-CREATURE;50
50;faced;O;50
50;you;O;50
50;,;O;50
50;it;O;50
50;would;O;50
50;assume;O;50
50;the;O;50
50;shape;O;50
50;of;O;50
50;Lord;B-PER;50
50;Voldemort;I-PER;50
50;.;O;50
50;"""";O;50
51;There;O;51
51;APOS;O;51
51;s;O;51
51;nothing;O;51
51;hidden;O;51
51;in;O;51
51;your;O;51
51;head;O;51
51;The;O;51
51;Sorting;B-ARTIFACT;51
51;Hat;I-ARTIFACT;51
51;can;O;51
51;APOS;O;51
51;t;O;51
51;see;O;51
51;,;O;51
51;So;O;51
51;try;O;51
51;me;O;51
51;on;O;51
51;and;O;51
51;I;O;51
51;will;O;51
51;tell;O;51
51;you;O;51
51;Where;O;51
51;you;O;51
51;ought;O;51
51;to;O;51
51;be;O;51
51;.;O;51
52;"""";O;52
52;The;O;52
52;Sorting;B-ARTIFACT;52
52;Hat;I-ARTIFACT;52
52;chose;O;52
52;you;O;52
52;for;O;52
52;Gryffindor;O;52
52;,;O;52
52;didn;O;52
52;APOS;O;52
52;t;O;52
52;it;O;52
52;?;O;52
53;"""";O;53
53;Now;O;53
53;,;O;53
53;can;O;53
53;you;O;53
53;think;O;53
53;what;O;53
53;the;O;53
53;Mirror;B-ARTIFACT;53
53;of;I-ARTIFACT;53
53;Erised;I-ARTIFACT;53
53;shows;O;53
53;us;O;53
53;all;O;53
53;?;O;53
53;"""";O;53
54;"""";O;54
54;You;O;54
54;,;O;54
54;like;O;54
54;hundreds;O;54
54;before;O;54
54;you;O;54
54;,;O;54
54;have;O;54
54;discovered;O;54
54;the;O;54
54;delight;O;54
54;of;O;54
54;the;O;54
54;Mirror;B-ARTIFACT;54
54;of;I-ARTIFACT;54
54;Erised;I-ARTIFACT;54
54;.;O;54
54;"""";O;54
55;"""";O;55
55;It;O;55
55;APOS;O;55
55;s;O;55
55;an;O;55
55;invisibility;B-ARTIFACT;55
55;cloak;I-ARTIFACT;55
55;,;O;55
55;"""";O;55
55;said;O;55
55;Ron;B-PER;55
55;,;O;55
55;a;O;55
55;look;O;55
55;of;O;55
55;awe;O;55
55;on;O;55
55;his;O;55
55;face;O;55
55;.;O;55
56;He;O;56
56;set;O;56
56;off;O;56
56;,;O;56
56;drawing;O;56
56;the;O;56
56;invisibility;B-ARTIFACT;56
56;cloak;I-ARTIFACT;56
56;tight;O;56
56;around;O;56
56;him;O;56
56;as;O;56
56;he;O;56
56;walked;O;56
56;.;O;56
57;"""";O;57
57;I;O;57
57;APOS;O;57
57;ll;O;57
57;use;O;57
57;the;O;57
57;invisibility;B-ARTIFACT;57
57;cloak;I-ARTIFACT;57
57;,;O;57
57;"""";O;57
57;said;O;57
57;Harry;B-PER;57
57;.;O;57
58;"""";O;58
58;Nicolas;B-PER;58
58;Flamel;I-PER;58
58;,;O;58
58;"""";O;58
58;she;O;58
58;whispered;O;58
58;dramatically;O;58
58;,;O;58
58;"""";O;58
58;is;O;58
58;the;O;58
58;only;O;58
58;known;O;58
58;maker;O;58
58;of;O;58
58;the;O;58
58;Sorcerer;B-ARTIFACT;58
58;APOS;O;58
58;s;O;58
58;Stone;I-ARTIFACT;58
58;!;O;58
58;"""";O;58
59;The;O;59
59;ancient;O;59
59;study;O;59
59;of;O;59
59;alchemy;O;59
59;is;O;59
59;concerned;O;59
59;with;O;59
59;making;O;59
59;the;O;59
59;Sorcerer;B-ARTIFACT;59
59;APOS;O;59
59;s;O;59
59;Stone;I-ARTIFACT;59
59;,;O;59
59;a;O;59
59;legendary;O;59
59;substance;O;59
59;with;O;59
59;astonishing;O;59
59;powers;O;59
59;.;O;59
60;His;O;60
60;face;O;60
60;fell;O;60
60;,;O;60
60;because;O;60
60;the;O;60
60;Remembrall;B-ARTIFACT;60
60;had;O;60
60;suddenly;O;60
60;glowed;O;60
60;scarlet;O;60
60;,;O;60
60;"""";O;60
60;You;O;60
60;APOS;O;60
60;ve;O;60
60;forgotten;O;60
60;something;O;60
60;.;O;60
60;.;O;60
60;.;O;60
60;"""";O;60
61;Moony;B-PER;61
61;,;O;61
61;Wormtail;B-PER;61
61;,;O;61
61;Padfoot;B-PER;61
61;,;O;61
61;and;O;61
61;Prongs;B-PER;61
61;Purveyors;I-PER;61
61;of;O;61
61;Aids;O;61
61;to;O;61
61;Magical;O;61
61;Mischief;O;61
61;-;O;61
61;Makers;O;61
61;are;O;61
61;proud;O;61
61;to;O;61
61;present;O;61
61;THE;O;61
61;MARAUDER;B-ARTIFACT;61
61;APOS;O;61
61;S;O;61
61;MAP;I-ARTIFACT;61
61;,;O;61
61;it;O;61
61;was;O;61
61;a;O;61
61;map;O;61
61;showing;O;61
61;every;O;61
61;detail;O;61
61;of;O;61
61;the;O;61
61;Hogwarts;B-LOC;61
61;castle;O;61
61;and;O;61
61;grounds;O;61
61;.;O;61
62;He;O;62
62;dropped;O;62
62;his;O;62
62;voice;O;62
62;so;O;62
62;that;O;62
62;none;O;62
62;of;O;62
62;the;O;62
62;sixth;O;62
62;years;O;62
62;could;O;62
62;hear;O;62
62;him;O;62
62;and;O;62
62;told;O;62
62;them;O;62
62;all;O;62
62;about;O;62
62;the;O;62
62;Marauder;B-ARTIFACT;62
62;APOS;O;62
62;s;O;62
62;Map;I-ARTIFACT;62
62;.;O;62
63;On;O;63
63;Saturday;O;63
63;morning;O;63
63;,;O;63
63;Harry;B-PER;63
63;packed;O;63
63;his;O;63
63;invisibility;B-ARTIFACT;63
63;Cloak;I-ARTIFACT;63
63;in;O;63
63;his;O;63
63;bag;O;63
63;,;O;63
63;slipped;O;63
63;the;O;63
63;Marauder;B-ARTIFACT;63
63;APOS;O;63
63;s;O;63
63;Map;I-ARTIFACT;63
63;into;O;63
63;his;O;63
63;pocket;O;63
63;,;O;63
63;and;O;63
63;went;O;63
63;down;O;63
63;to;O;63
63;breakfast;O;63
63;with;O;63
63;everyone;O;63
63;else;O;63
63;.;O;63
64;"""";O;64
64;The;O;64
64;point;O;64
64;is;O;64
64;,;O;64
64;even;O;64
64;if;O;64
64;you;O;64
64;APOS;O;64
64;re;O;64
64;wearing;O;64
64;an;O;64
64;invisibility;B-ARTIFACT;64
64;Cloak;I-ARTIFACT;64
64;,;O;64
64;you;O;64
64;still;O;64
64;showing;O;64
64;up;O;64
64;on;O;64
64;the;O;64
64;Marauder;B-ARTIFACT;64
64;APOS;O;64
64;s;O;64
64;Map;I-ARTIFACT;64
64;.;O;64
65;The;O;65
65;Sneakoscope;B-ARTIFACT;65
65;whirled;O;65
65;and;O;65
65;whistled;O;65
65;in;O;65
65;his;O;65
65;palm;O;65
65;.;O;65
66;This;O;66
66;is;O;66
66;a;O;66
66;Pocket;B-ARTIFACT;66
66;Sneakoscope;I-ARTIFACT;66
66;,;O;66
66;if;O;66
66;there;O;66
66;APOS;O;66
66;s;O;66
66;someone;O;66
66;untrustworthy;O;66
66;around;O;66
66;,;O;66
66;it;O;66
66;APOS;O;66
66;s;O;66
66;supposed;O;66
66;to;O;66
66;light;O;66
66;up;O;66
66;and;O;66
66;spin;O;66
66;.;O;66
67;"""";O;67
67;The;O;67
67;Monster;B-ARTIFACT;67
67;Book;I-ARTIFACT;67
67;of;I-ARTIFACT;67
67;Monsters;I-ARTIFACT;67
67;was;O;67
67;listed;O;67
67;as;O;67
67;the;O;67
67;required;O;67
67;book;O;67
67;for;O;67
67;Care;O;67
67;of;O;67
67;Magical;O;67
67;Creatures;O;67
67;.;O;67
68;A;O;68
68;loud;O;68
68;ripping;O;68
68;noise;O;68
68;rent;O;68
68;the;O;68
68;air;O;68
68;";";O;68
68;two;O;68
68;of;O;68
68;The;O;68
68;Monster;B-ARTIFACT;68
68;Books;I-ARTIFACT;68
68;had;O;68
68;seized;O;68
68;a;O;68
68;third;O;68
68;and;O;68
68;were;O;68
68;pulling;O;68
68;it;O;68
68;apart;O;68
68;.;O;68
69;That;O;69
69;Time;B-ARTIFACT;69
69;-;O;69
69;Turner;I-ARTIFACT;69
69;,;O;69
69;it;O;69
69;was;O;69
69;driving;O;69
69;me;O;69
69;mad;O;69
69;.;O;69
70;Harry;B-PER;70
70;urged;O;70
70;the;O;70
70;Firebolt;B-ARTIFACT;70
70;downward;O;70
70;,;O;70
70;but;O;70
70;Malfoy;B-PER;70
70;was;O;70
70;miles;O;70
70;ahead;O;70
70;.;O;70
71;The;O;71
71;champions;O;71
71;will;O;71
71;be;O;71
71;chosen;O;71
71;by;O;71
71;an;O;71
71;impartial;O;71
71;selector;O;71
71;:;O;71
71;the;O;71
71;Goblet;B-ARTIFACT;71
71;of;I-ARTIFACT;71
71;Fire;I-ARTIFACT;71
71;.;O;71
71;"""";O;71
72;Ron;B-PER;72
72;muttered;O;72
72;to;O;72
72;Harry;B-PER;72
72;as;O;72
72;the;O;72
72;veela;O;72
72;girl;O;72
72;dropped;O;72
72;her;O;72
72;parchment;O;72
72;into;O;72
72;the;O;72
72;Goblet;B-ARTIFACT;72
72;of;I-ARTIFACT;72
72;Fire;I-ARTIFACT;72
72;.;O;72
73;The;O;73
73;Goblet;B-ARTIFACT;73
73;of;I-ARTIFACT;73
73;Fire;I-ARTIFACT;73
73;shone;O;73
73;more;O;73
73;brightly;O;73
73;than;O;73
73;anything;O;73
73;in;O;73
73;the;O;73
73;whole;O;73
73;Hall,;O;73
73;the;O;73
73;sparkling;O;73
73;bright;O;73
73;,;O;73
73;bluey;O;73
73;whiteness;O;73
73;of;O;73
73;the;O;73
73;flames;O;73
73;almost;O;73
73;painful;O;73
73;on;O;73
73;the;O;73
73;eyes;O;73
73;.;O;73
74;And;O;74
74;the;O;74
74;Goblet;B-ARTIFACT;74
74;of;I-ARTIFACT;74
74;Fire;I-ARTIFACT;74
74;turned;O;74
74;red;O;74
74;once;O;74
74;more;O;74
74;";";O;74
74;sparks;O;74
74;showered;O;74
74;out;O;74
74;of;O;74
74;it;O;74
74;.;O;74
75;"""";O;75
75;The;O;75
75;Goblet;B-ARTIFACT;75
75;of;I-ARTIFACT;75
75;Fire;I-ARTIFACT;75
75;APOS;O;75
75;s;O;75
75;just;O;75
75;gone;O;75
75;out;O;75
75;it;O;75
75;won;O;75
75;APOS;O;75
75;t;O;75
75;reignite;O;75
75;until;O;75
75;the;O;75
75;start;O;75
75;of;O;75
75;the;O;75
75;next;O;75
75;tournament;O;75
75;"""";O;75
1;I;O;76
1;guess;O;76
1;they;O;76
1;were;O;76
1;of;O;76
1;hobbit;B-CREATURE;76
1;-;O;76
1;kind;O;76
1;";";O;76
1;akin;O;76
1;to;O;76
1;the;O;76
1;fathers;O;76
1;of;O;76
1;the;O;76
1;fathers;O;76
1;of;O;76
1;the;O;76
1;Stoors;B-CREATURE;76
1;,;O;76
1;for;O;76
1;they;O;76
1;loved;O;76
1;the;O;76
1;River;B-LOC;76
1;,;O;76
1;and;O;76
1;often;O;76
1;swam;O;76
1;in;O;76
1;it;O;76
1;,;O;76
1;or;O;76
1;made;O;76
1;little;O;76
1;boats;O;76
1;of;O;76
1;reeds;O;76
1;.;O;76
2;In;O;77
2;those;O;77
2;days;O;77
2;the;O;77
2;Great;B-PER;77
2;Enemy;I-PER;77
2;,;O;77
2;of;O;77
2;whom;O;77
2;Sauron;B-PER;77
2;of;O;77
2;Mordor;B-LOC;77
2;was;O;77
2;but;O;77
2;a;O;77
2;servant;O;77
2;,;O;77
2;dwelt;O;77
2;in;O;77
2;Angband;B-LOC;77
2;in;O;77
2;the;O;77
2;North;O;77
2;,;O;77
2;and;O;77
2;the;O;77
2;Elves;B-CREATURE;77
2;of;O;77
2;the;O;77
2;West;O;77
2;coming;O;77
2;back;O;77
2;to;O;77
2;Middle;B-LOC;77
2;-;O;77
2;earth;I-LOC;77
2;made;O;77
2;war;O;77
2;upon;O;77
2;him;O;77
2;to;O;77
2;regain;O;77
2;the;O;77
2;Silmarils;B-ARTIFACT;77
2;which;O;77
2;he;O;77
2;had;O;77
2;stolen;O;77
2;";";O;77
2;and;O;77
2;the;O;77
2;fathers;O;77
2;of;O;77
2;Men;O;77
2;aided;O;77
2;the;O;77
2;Elves;B-CREATURE;77
2;.;O;77
3;Come;O;78
3;,;O;78
3;Gandalf;B-PER;78
3;,;O;78
3;tell;O;78
3;us;O;78
3;how;O;78
3;you;O;78
3;fared;O;78
3;with;O;78
3;the;O;78
3;Balrog;B-CREATURE;78
3;!;O;78
4;You;O;79
4;have;O;79
4;seen;O;79
4;Ents;B-CREATURE;79
4;,;O;79
4;O;O;79
4;King;O;79
4;,;O;79
4;Ents;B-CREATURE;79
4;out;O;79
4;of;O;79
4;Fangorn;B-LOC;79
4;Forest;I-LOC;79
4;,;O;79
4;which;O;79
4;in;O;79
4;your;O;79
4;tongue;O;79
4;you;O;79
4;call;O;79
4;the;O;79
4;Entwood;I-LOC;79
4;.;O;79
5;Cold;O;80
5;and;O;80
5;hard;O;80
5;it;O;80
5;seemed;O;80
5;as;O;80
5;his;O;80
5;grip;O;80
5;closed;O;80
5;on;O;80
5;it;O;80
5;:;O;80
5;the;O;80
5;phial;B-ARTIFACT;80
5;of;I-ARTIFACT;80
5;Galadriel;B-PER;80
5;,;O;80
5;so;O;80
5;long;O;80
5;treasured;O;80
5;,;O;80
5;and;O;80
5;almost;O;80
5;forgotten;O;80
5;till;O;80
5;that;O;80
5;hour;O;80
5;.;O;80
6;I;O;81
6;could;O;81
6;think;O;81
6;of;O;81
6;nothing;O;81
6;to;O;81
6;do;O;81
6;but;O;81
6;to;O;81
6;try;O;81
6;and;O;81
6;put;O;81
6;a;O;81
6;shutting;B-SPELL;81
6;-;O;81
6;spell;I-SPELL;81
6;on;O;81
6;the;O;81
6;door;O;81
6;.;O;81
7;Elrond;B-PER;82
7;wore;O;82
7;a;O;82
7;mantle;O;82
7;of;O;82
7;grey;O;82
7;and;O;82
7;had;O;82
7;a;O;82
7;star;O;82
7;upon;O;82
7;his;O;82
7;forehead;O;82
7;,;O;82
7;and;O;82
7;a;O;82
7;silver;O;82
7;harp;O;82
7;was;O;82
7;in;O;82
7;his;O;82
7;hand;O;82
7;,;O;82
7;and;O;82
7;upon;O;82
7;his;O;82
7;finger;O;82
7;was;O;82
7;a;O;82
7;ring;B-ARTIFACT;82
7;of;I-ARTIFACT;82
7;gold;I-ARTIFACT;82
7;with;O;82
7;a;O;82
7;great;O;82
7;blue;O;82
7;stone;O;82
7;,;O;82
7;Vilya;B-ARTIFACT;82
7;,;O;82
7;mightiest;O;82
7;of;O;82
7;the;O;82
7;Three;O;82
7;.;O;82
8;They;O;83
8;say;O;83
8;only;O;83
8;:;O;83
8;The;O;83
8;Doors;B-ARTIFACT;83
8;of;I-ARTIFACT;83
8;Durin;I-ARTIFACT;83
8;,;O;83
8;Lord;B-PER;83
8;of;I-PER;83
8;Moria;B-LOC;83
8;.;O;83
9;But;O;84
9;that;O;84
9;desire;O;84
9;was;O;84
9;yet;O;84
9;far;O;84
9;away;O;84
9;,;O;84
9;and;O;84
9;long;O;84
9;now;O;84
9;had;O;84
9;she;O;84
9;been;O;84
9;hungry;O;84
9;,;O;84
9;lurking;O;84
9;in;O;84
9;her;O;84
9;den;O;84
9;,;O;84
9;while;O;84
9;the;O;84
9;power;O;84
9;of;O;84
9;Sauron;B-PER;84
9;grew;O;84
9;,;O;84
9;and;O;84
9;light;O;84
9;and;O;84
9;living;O;84
9;things;O;84
9;forsook;O;84
9;his;O;84
9;borders;O;84
9;";";O;84
9;and;O;84
9;the;O;84
9;city;B-LOC;84
9;in;I-LOC;84
9;the;I-LOC;84
9;valley;I-LOC;84
9;was;O;84
9;dead;O;84
9;,;O;84
9;and;O;84
9;no;O;84
9;Elf;B-CREATURE;84
9;or;O;84
9;Man;O;84
9;came;O;84
9;near;O;84
9;,;O;84
9;only;O;84
9;the;O;84
9;unhappy;O;84
9;Orcs;B-CREATURE;84
9;.;O;84
10;And;O;85
10;yet;O;85
10;even;O;85
10;I;O;85
10;,;O;85
10;Dwarf;B-CREATURE;85
10;of;O;85
10;many;O;85
10;journeys;O;85
10;,;O;85
10;and;O;85
10;not;O;85
10;the;O;85
10;least;O;85
10;hardy;O;85
10;of;O;85
10;my;O;85
10;folk;O;85
10;,;O;85
10;cannot;O;85
10;run;O;85
10;all;O;85
10;the;O;85
10;way;O;85
10;to;O;85
10;Isengard;B-LOC;85
10;without;O;85
10;any;O;85
10;pause;O;85
10;.;O;85
11;In;O;86
11;his;O;86
11;left;O;86
11;hand;O;86
11;he;O;86
11;held;O;86
11;up;O;86
11;his;O;86
11;glimmering;O;86
11;staff;B-ARTIFACT;86
11;,;O;86
11;the;O;86
11;light;O;86
11;of;O;86
11;which;O;86
11;just;O;86
11;showed;O;86
11;the;O;86
11;ground;O;86
11;before;O;86
11;his;O;86
11;feet;O;86
11;";";O;86
11;in;O;86
11;his;O;86
11;right;O;86
11;he;O;86
11;held;O;86
11;his;O;86
11;sword;O;86
11;B-;B-ARTIFACT;86
11;.;O;86
12;Two;O;87
12;great;O;87
12;trolls;B-CREATURE;87
12;appeared;O;87
12;";";O;87
12;they;O;87
12;bore;O;87
12;great;O;87
12;slabs;O;87
12;of;O;87
12;stone;O;87
12;,;O;87
12;and;O;87
12;flung;O;87
12;them;O;87
12;down;O;87
12;to;O;87
12;serve;O;87
12;as;O;87
12;gangways;O;87
12;over;O;87
12;the;O;87
12;fire;O;87
12;.;O;87
13;Picking;O;88
13;up;O;88
13;a;O;88
13;faggot;O;88
13;he;O;88
13;held;O;88
13;it;O;88
13;aloft;O;88
13;for;O;88
13;a;O;88
13;moment;O;88
13;,;O;88
13;and;O;88
13;then;O;88
13;with;O;88
13;a;O;88
13;word;B-SPELL;88
13;of;I-SPELL;88
13;command;I-SPELL;88
13;,;O;88
13;naur;B-SPELL;88
13;an;I-SPELL;88
13;edraith;I-SPELL;88
13;ammen;I-SPELL;88
13;!;O;88
14;And;O;89
14;suddenly;O;89
14;he;O;89
14;saw;O;89
14;that;O;89
14;he;O;89
14;was;O;89
14;in;O;89
14;the;O;89
14;picture;O;89
14;that;O;89
14;was;O;89
14;revealed;O;89
14;to;O;89
14;him;O;89
14;in;O;89
14;the;O;89
14;mirror;B-ARTIFACT;89
14;of;I-ARTIFACT;89
14;Galadriel;B-PER;89
14;in;O;89
14;Lórien;B-LOC;89
14;:;O;89
14;Frodo;B-PER;89
14;with;O;89
14;a;O;89
14;pale;O;89
14;face;O;89
14;lying;O;89
14;fast;O;89
14;asleep;O;89
14;under;O;89
14;a;O;89
14;great;O;89
14;dark;O;89
14;cliff;B-LOC;89
14;.;O;89
15;On;O;90
15;her;O;90
15;finger;O;90
15;was;O;90
15;Nenya;B-ARTIFACT;90
15;,;O;90
15;the;O;90
15;ring;O;90
15;wrought;O;90
15;of;O;90
15;mithril;B-ARTIFACT;90
15;,;O;90
15;that;O;90
15;bore;O;90
15;a;O;90
15;single;O;90
15;white;O;90
15;stone;O;90
15;flickering;O;90
15;like;O;90
15;a;O;90
15;frosty;O;90
15;star;O;90
15;.;O;90
16;The;O;91
16;Barrow;B-CREATURE;91
16;-;O;91
16;wights;I-CREATURE;91
16;we;O;91
16;know;O;91
16;by;O;91
16;many;O;91
16;names;O;91
16;";";O;91
16;and;O;91
16;of;O;91
16;the;O;91
16;Old;B-LOC;91
16;Forest;I-LOC;91
16;many;O;91
16;tales;O;91
16;have;O;91
16;been;O;91
16;told;O;91
16;:;O;91
16;all;O;91
16;that;O;91
16;now;O;91
16;remains;O;91
16;is;O;91
16;but;O;91
16;an;O;91
16;outlier;O;91
16;of;O;91
16;its;O;91
16;northern;O;91
16;march;O;91
16;.;O;91
17;The;O;92
17;Misty;B-LOC;92
17;Mountains;I-LOC;92
17;were;O;92
17;crawling;O;92
17;like;O;92
17;anthills;O;92
17;:;O;92
17;orcs;B-CREATURE;92
17;were;O;92
17;issuing;O;92
17;out;O;92
17;of;O;92
17;a;O;92
17;thousand;O;92
17;holes;O;92
17;.;O;92
18;But;O;93
18;Fingolfin;B-PER;93
18;gleamed;O;93
18;beneath;O;93
18;it;O;93
18;as;O;93
18;a;O;93
18;star;O;93
18;";";O;93
18;for;O;93
18;his;O;93
18;mail;O;93
18;was;O;93
18;overlaid;O;93
18;with;O;93
18;silver;O;93
18;,;O;93
18;and;O;93
18;his;O;93
18;blue;O;93
18;shield;O;93
18;was;O;93
18;set;O;93
18;with;O;93
18;crystals;O;93
18;";";O;93
18;and;O;93
18;he;O;93
18;drew;O;93
18;his;O;93
18;sword;O;93
18;Ringil;B-ARTIFACT;93
18;,;O;93
18;that;O;93
18;glittered;O;93
18;like;O;93
18;ice;O;93
18;.;O;93
19;Then;O;94
19;Turin;B-PER;94
19;was;O;94
19;filled;O;94
19;with;O;94
19;fear;O;94
19;for;O;94
19;his;O;94
19;mother;O;94
19;and;O;94
19;his;O;94
19;sister;O;94
19;,;O;94
19;and;O;94
19;in;O;94
19;grimness;O;94
19;of;O;94
19;heart;O;94
19;he;O;94
19;went;O;94
19;before;O;94
19;the;O;94
19;King;B-PER;94
19;and;O;94
19;asked;O;94
19;for;O;94
19;mail;O;94
19;and;O;94
19;sword;O;94
19;";";O;94
19;and;O;94
19;he;O;94
19;put;O;94
19;on;O;94
19;the;O;94
19;Dragon;B-ARTIFACT;94
19;-;O;94
19;helm;I-ARTIFACT;94
19;of;I-ARTIFACT;94
19;Dor;I-ARTIFACT;94
19;-;O;94
19;lomin;I-ARTIFACT;94
19;and;O;94
19;went;O;94
19;out;O;94
19;to;O;94
19;battle;O;94
19;on;O;94
19;the;O;94
19;marches;O;94
19;of;O;94
19;Doriath;B-LOC;94
19;,;O;94
19;and;O;94
19;became;O;94
19;the;O;94
19;companion;O;94
19;in;O;94
19;arms;O;94
19;of;O;94
19;Beleg;B-PER;94
19;Cuthalion;I-PER;94
19;.;O;94
20;Mortals;O;95
20;cannot;O;95
20;go;O;95
20;drinking;O;95
20;ent;B-CREATURE;95
20;-;O;95
20;draughts;O;95
20;and;O;95
20;expect;O;95
20;no;O;95
20;more;O;95
20;to;O;95
20;come;O;95
20;of;O;95
20;them;O;95
20;than;O;95
20;of;O;95
20;a;O;95
20;pot;O;95
20;of;O;95
20;beer;O;95
20;.;O;95
20;;O;95
21;I;O;96
21;;O;96
21;ll;O;96
21;wait;O;96
21;for;O;96
21;you;O;96
21;outside;O;96
21;The;B-LOC;96
21;Green;I-LOC;96
21;Dragon;B-CREATURE;96
21;,;O;96
21;if;O;96
21;you;O;96
21;haven;O;96
21;;O;96
21;t;O;96
21;forgotten;O;96
21;where;O;96
21;that;O;96
21;is;O;96
21;.;O;96
22;Merry;O;97
22;himself;O;97
22;slew;O;97
22;the;O;97
22;leader;O;97
22;,;O;97
22;a;O;97
22;great;O;97
22;squint;O;97
22;-;O;97
22;eyed;O;97
22;brute;O;97
22;like;O;97
22;a;O;97
22;huge;O;97
22;orc;B-CREATURE;97
23;This;O;98
23;last;O;98
23;belonged;O;98
23;to;O;98
23;Thorin;B-PER;98
23;,;O;98
23;an;O;98
23;enormously;O;98
23;important;O;98
23;dwarf;B-CREATURE;98
23;,;O;98
23;in;O;98
23;fact;O;98
23;no;O;98
23;other;O;98
23;than;O;98
23;the;O;98
23;great;O;98
23;Thorin;B-PER;98
23;Oakenshield;I-PER;98
23;himself;O;98
23;,;O;98
23;who;O;98
23;was;O;98
23;not;O;98
23;at;O;98
23;all;O;98
23;pleased;O;98
23;at;O;98
23;falling;O;98
23;flat;O;98
23;on;O;98
23;Bilbo;B-PER;98
23;’;O;98
23;s;O;98
23;mat;O;98
23;with;O;98
23;Bifur;B-PER;98
23;,;O;98
23;Bofur;B-PER;98
23;,;O;98
23;and;O;98
23;Bombur;B-PER;98
23;on;O;98
23;top;O;98
23;of;O;98
23;him;O;98
23;.;O;98
24;To;O;99
24;his;O;99
24;amazement;O;99
24;,;O;99
24;as;O;99
24;he;O;99
24;listened;O;99
24;Frodo;B-PER;99
24;became;O;99
24;aware;O;99
24;that;O;99
24;it;O;99
24;was;O;99
24;the;O;99
24;Elven;B-CREATURE;99
24;-;O;99
24;tongue;O;99
24;that;O;99
24;they;O;99
24;spoke;O;99
24;,;O;99
24;or;O;99
24;one;O;99
24;but;O;99
24;little;O;99
24;different;O;99
24;";";O;99
24;and;O;99
24;he;O;99
24;looked;O;99
24;at;O;99
24;them;O;99
24;with;O;99
24;wonder;O;99
24;,;O;99
24;for;O;99
24;he;O;99
24;knew;O;99
24;then;O;99
24;that;O;99
24;they;O;99
24;must;O;99
24;be;O;99
24;Dúnedain;B-CREATURE;99
24;of;O;99
24;the;O;99
24;South;O;99
24;,;O;99
24;men;O;99
24;of;O;99
24;the;O;99
24;line;O;99
24;of;O;99
24;the;O;99
24;Lords;O;99
24;of;O;99
24;Westernesse;B-LOC;99
24;.;O;99
25;For;O;100
25;ancient;O;100
25;king;O;100
25;and;O;100
25;elvish;B-CREATURE;100
25;lord;I-CREATURE;100
25;there;O;100
25;many;O;100
25;a;O;100
25;gleaming;O;100
25;golden;O;100
25;hoard;O;100
25;they;O;100
25;shaped;O;100
25;and;O;100
25;wrought;O;100
25;,;O;100
25;and;O;100
25;light;O;100
25;they;O;100
25;caught;O;100
25;to;O;100
25;hide;O;100
25;in;O;100
25;gems;O;100
25;on;O;100
25;hilt;O;100
25;of;O;100
25;sword;O;100
25;.;O;100
26;With;O;101
26;his;O;101
26;keen;O;101
26;hobbit;B-CREATURE;101
26;-;O;101
26;eyes;O;101
26;he;O;101
26;saw;O;101
26;that;O;101
26;many;O;101
26;more;O;101
26;Men;O;101
26;were;O;101
26;about;O;101
26;.;O;101
27;They;O;102
27;are;O;102
27;made;O;102
27;of;O;102
27;hithlain;B-ARTIFACT;102
27;,;O;102
27;;O;102
27;said;O;102
27;the;O;102
27;Elf;B-CREATURE;102
27;,;O;102
27;`;O;102
27;but;O;102
27;there;O;102
27;is;O;102
27;no;O;102
27;time;O;102
27;now;O;102
27;to;O;102
27;instruct;O;102
27;you;O;102
27;in;O;102
27;the;O;102
27;art;O;102
27;of;O;102
27;their;O;102
27;O;O;102
28;Hurin;B-PER;103
28;made;O;103
28;no;O;103
28;answer;O;103
28;to;O;103
28;the;O;103
28;King;B-PER;103
28;,;O;103
28;but;O;103
28;drew;O;103
28;forth;O;103
28;from;O;103
28;beneath;O;103
28;his;O;103
28;cloak;O;103
28;that;O;103
28;one;O;103
28;thing;O;103
28;which;O;103
28;he;O;103
28;had;O;103
28;taken;O;103
28;with;O;103
28;him;O;103
28;out;O;103
28;of;O;103
28;Nargothrond;B-LOC;103
28;";";O;103
28;and;O;103
28;that;O;103
28;was;O;103
28;no;O;103
28;lesser;O;103
28;treasure;O;103
28;than;O;103
28;the;O;103
28;Nauglamir;B-ARTIFACT;103
28;,;O;103
28;the;O;103
28;Necklace;B-ARTIFACT;103
28;of;I-ARTIFACT;103
28;the;I-ARTIFACT;103
28;Dwarves;B-CREATURE;103
28;,;O;103
28;that;O;103
28;was;O;103
28;made;O;103
28;for;O;103
28;Finrod;B-PER;103
28;Felagund;I-PER;103
28;long;O;103
28;years;O;103
28;before;O;103
28;by;O;103
28;the;O;103
28;craftsmen;O;103
28;of;O;103
28;Nogrod;B-LOC;103
28;and;O;103
28;Belegost;B-LOC;103
28;,;O;103
28;most;O;103
28;famed;O;103
28;of;O;103
28;all;O;103
28;their;O;103
28;works;O;103
28;in;O;103
28;the;O;103
28;Elder;O;103
28;Days;O;103
28;,;O;103
28;and;O;103
28;prized;O;103
28;by;O;103
28;Finrod;B-PER;103
28;while;O;103
28;he;O;103
28;lived;O;103
28;above;O;103
28;all;O;103
28;the;O;103
28;treasures;O;103
28;of;O;103
28;Nargothrond;B-LOC;103
28;.;O;103
29;Then;O;104
29;he;O;104
29;gave;O;104
29;Frodo;B-PER;104
29;his;O;104
29;mithril;B-ARTIFACT;104
29;-;O;104
29;coat;O;104
29;and;O;104
29;Sting;B-ARTIFACT;104
29;,;O;104
29;forgetting;O;104
29;that;O;104
29;he;O;104
29;had;O;104
29;already;O;104
29;done;O;104
29;so;O;104
29;";";O;104
29;and;O;104
29;he;O;104
29;gave;O;104
29;him;O;104
29;also;O;104
29;three;O;104
29;books;O;104
29;of;O;104
29;lore;O;104
29;that;O;104
29;he;O;104
29;had;O;104
29;made;O;104
29;at;O;104
29;various;O;104
29;times;O;104
29;,;O;104
29;written;O;104
29;in;O;104
29;his;O;104
29;spidery;O;104
29;hand;O;104
29;,;O;104
29;and;O;104
29;labelled;O;104
29;on;O;104
29;their;O;104
29;red;O;104
29;backs;O;104
29;:;O;104
29;Translations;O;104
29;from;O;104
29;the;O;104
29;Elvish;O;104
29;,;O;104
29;by;O;104
29;B;B-PER;104
29;.;O;104
29;B;I-PER;104
29;.;O;104
30;But;O;105
30;fairest;O;105
30;of;O;105
30;all;O;105
30;was;O;105
30;the;O;105
30;great;O;105
30;white;O;105
30;gem;O;105
30;,;O;105
30;which;O;105
30;the;O;105
30;dwarves;B-CREATURE;105
30;had;O;105
30;found;O;105
30;beneath;O;105
30;the;O;105
30;roots;O;105
30;of;O;105
30;the;O;105
30;Mountain;B-LOC;105
30;,;O;105
30;the;O;105
30;Heart;B-ARTIFACT;105
30;of;I-ARTIFACT;105
30;the;I-ARTIFACT;105
30;Mountain;B-LOC;105
30;,;O;105
30;the;O;105
30;Arkenstone;B-ARTIFACT;105
30;of;I-ARTIFACT;105
30;Thrain;B-PER;105
30;.;O;105
31;They;O;106
31;have;O;106
31;crept;O;106
31;in;O;106
31;the;O;106
31;culvert;O;106
31;again;O;106
31;,;O;106
31;while;O;106
31;we;O;106
31;talked;O;106
31;,;O;106
31;and;O;106
31;they;O;106
31;have;O;106
31;lit;O;106
31;the;O;106
31;fire;O;106
31;of;O;106
31;Orthanc;B-LOC;106
31;beneath;O;106
31;our;O;106
31;feet;O;106
31;.;O;106
32;As;O;107
32;he;O;107
32;turned;O;107
32;and;O;107
32;came;O;107
32;towards;O;107
32;them;O;107
32;Frodo;B-PER;107
32;saw;O;107
32;that;O;107
32;Gandalf;B-PER;107
32;now;O;107
32;wore;O;107
32;openly;O;107
32;upon;O;107
32;his;O;107
32;hand;O;107
32;the;O;107
32;Third;O;107
32;Ring;O;107
32;,;O;107
32;Narya;B-ARTIFACT;107
32;the;I-ARTIFACT;107
32;Great;I-ARTIFACT;107
32;,;O;107
32;and;O;107
32;the;O;107
32;stone;O;107
32;upon;O;107
32;it;O;107
32;was;O;107
32;red;O;107
32;as;O;107
32;fire;O;107
32;.;O;107
33;The;O;108
33;palantíri;B-ARTIFACT;108
33;came;O;108
33;from;O;108
33;beyond;O;108
33;Westernesse;B-LOC;108
33;from;O;108
33;Eldamar;O;108
33;.;O;108
34;There;O;109
34;you;O;109
34;go;O;109
34;about;O;109
34;Ents;B-CREATURE;109
34;again;O;109
34;";";O;109
34;but;O;109
34;what;O;109
34;they;O;109
34;are;O;109
34;beats;O;109
34;me;O;109
34;.;O;109
35;I;O;110
35;may;O;110
35;tell;O;110
35;you;O;110
35;,;O;110
35;is;O;110
35;now;O;110
35;less;O;110
35;than;O;110
35;two;O;110
35;days;O;110
35;’;O;110
35;march;O;110
35;off;O;110
35;,;O;110
35;and;O;110
35;has;O;110
35;at;O;110
35;least;O;110
35;five;O;110
35;hundred;O;110
35;grim;O;110
35;dwarves;B-CREATURE;110
35;with;O;110
35;him;O;110
35;—;O;110
35;a;O;110
35;good;O;110
35;many;O;110
35;of;O;110
35;them;O;110
35;have;O;110
35;had;O;110
35;experience;O;110
35;in;O;110
35;the;O;110
35;dreadful;O;110
35;dwarf;B-CREATURE;110
35;and;O;110
35;goblin;B-CREATURE;110
35;wars;O;110
35;,;O;110
35;of;O;110
35;which;O;110
35;you;O;110
35;have;O;110
35;no;O;110
35;doubt;O;110
35;heard;O;110
35;.;O;110
36;For;O;111
36;this;O;111
36;is;O;111
36;the;O;111
36;Nauglamir;B-ARTIFACT;111
36;,;O;111
36;whose;O;111
36;name;O;111
36;is;O;111
36;known;O;111
36;to;O;111
36;many;O;111
36;among;O;111
36;Elves;B-CREATURE;111
36;and;O;111
36;Men;O;111
36;";";O;111
36;and;O;111
36;I;O;111
36;bring;O;111
36;it;O;111
36;to;O;111
36;thee;O;111
36;out;O;111
36;of;O;111
36;the;O;111
36;darkness;O;111
36;of;O;111
36;Nargothrond;B-LOC;111
36;,;O;111
36;where;O;111
36;Finrod;B-PER;111
36;thy;O;111
36;kinsman;O;111
36;left;O;111
36;it;O;111
36;behind;O;111
36;him;O;111
36;when;O;111
36;he;O;111
36;set;O;111
36;forth;O;111
36;with;O;111
36;Beren;B-PER;111
36;son;I-PER;111
36;of;I-PER;111
36;Barahir;B-PER;111
36;to;O;111
36;fulfil;O;111
36;the;O;111
36;errand;O;111
36;of;O;111
36;Thingol;B-PER;111
36;of;I-PER;111
36;Doriath;B-LOC;111
36;.;O;111
37;A;O;112
37;winged;O;112
37;Nazg?l;B-CREATURE;112
37;awaits;O;112
37;us;O;112
37;northward;O;112
37;on;O;112
37;the;O;112
37;east;O;112
37;-;O;112
37;bank;O;112
37;.;O;112
38;What;O;113
38;;O;113
38;s;O;113
38;happened;O;113
38;to;O;113
38;your;O;113
38;precious;O;113
38;Nazg?l;B-CREATURE;113
38;?;O;113
39;Are;O;114
39;there;O;114
39;dragons;B-CREATURE;114
39;in;O;114
39;this;O;114
39;land;O;114
39;?;O;114
40;Not;O;115
40;the;O;115
40;fellow;O;115
40;who;O;115
40;used;O;115
40;to;O;115
40;tell;O;115
40;such;O;115
40;wonderful;O;115
40;tales;O;115
40;at;O;115
40;parties;O;115
40;,;O;115
40;about;O;115
40;dragons;B-CREATURE;115
40;and;O;115
40;goblins;B-CREATURE;115
40;and;O;115
40;giants;B-CREATURE;115
40;and;O;115
40;the;O;115
40;rescue;O;115
40;of;O;115
40;princesses;O;115
40;and;O;115
40;the;O;115
40;unexpected;O;115
40;luck;O;115
40;of;O;115
40;widows;O;115
40;’;O;115
40;sons;O;115
40;?;O;115
41;The;O;116
41;Elves;B-CREATURE;116
41;dearly;O;116
41;loved;O;116
41;it;O;116
41;,;O;116
41;and;O;116
41;among;O;116
41;many;O;116
41;uses;O;116
41;they;O;116
41;made;O;116
41;of;O;116
41;it;O;116
41;ithildin;B-ARTIFACT;116
41;,;O;116
41;starmoon;B-ARTIFACT;116
41;,;O;116
41;which;O;116
41;you;O;116
41;saw;O;116
41;upon;O;116
41;the;O;116
41;doors;O;116
41;.;O;116
42;Bilbo;B-PER;117
42;had;O;117
42;a;O;117
42;corslet;O;117
42;of;O;117
42;mithril;B-ARTIFACT;117
42;-;O;117
42;rings;O;117
42;that;O;117
42;Thorin;B-PER;117
42;gave;O;117
42;him;O;117
42;.;O;117
43;Giants;B-CREATURE;118
43;they;O;118
43;seemed;O;118
43;to;O;118
43;him;O;118
43;,;O;118
43;vast;O;118
43;grey;O;118
43;figures;O;118
43;silent;O;118
43;but;O;118
43;threatening;O;118
43;.;O;118
44;They;O;119
44;are;O;119
44;wrought;O;119
44;of;O;119
44;ithildin;B-ARTIFACT;119
44;that;O;119
44;mirrors;O;119
44;only;O;119
44;starlight;O;119
44;and;O;119
44;moonlight;O;119
44;,;O;119
44;and;O;119
44;sleeps;O;119
44;until;O;119
44;it;O;119
44;is;O;119
44;touched;O;119
44;by;O;119
44;one;O;119
44;who;O;119
44;speaks;O;119
44;words;O;119
44;now;O;119
44;long;O;119
44;forgotten;O;119
44;in;O;119
44;Middle;B-LOC;119
44;-;O;119
44;earth;I-LOC;119
44;.;O;119
45;It;O;120
45;is;O;120
45;said;O;120
45;that;O;120
45;their;O;120
45;lords;O;120
45;were;O;120
45;men;O;120
45;of;O;120
45;Númenor;B-LOC;120
45;who;O;120
45;had;O;120
45;fallen;O;120
45;into;O;120
45;dark;O;120
45;wickedness;O;120
45;";";O;120
45;to;O;120
45;them;O;120
45;the;O;120
45;Enemy;O;120
45;had;O;120
45;given;O;120
45;rings;B-ARTIFACT;120
45;of;I-ARTIFACT;120
45;power;I-ARTIFACT;120
45;,;O;120
45;and;O;120
45;he;O;120
45;had;O;120
45;devoured;O;120
45;them;O;120
45;:;O;120
45;living;B-CREATURE;120
45;ghosts;I-CREATURE;120
45;they;O;120
45;were;O;120
45;become;O;120
45;,;O;120
45;terrible;O;120
45;and;O;120
45;evil;O;120
45;.;O;120
46;Nor;O;121
46;shall;O;121
46;I;O;121
46;be;O;121
46;passing;O;121
46;Old;B-CREATURE;121
46;Man;I-CREATURE;121
46;Willow;I-CREATURE;121
46;;O;121
46;s;O;121
46;house;O;121
46;this;O;121
46;side;O;121
46;of;O;121
46;spring;O;121
46;-;O;121
46;time;O;121
46;,;O;121
46;not;O;121
46;till;O;121
46;the;O;121
46;merry;O;121
46;spring;O;121
46;,;O;121
46;when;O;121
46;the;O;121
46;River;B-LOC;121
46;-;O;121
46;daughter;B-PER;121
46;dances;O;121
46;down;O;121
46;the;O;121
46;withy;O;121
46;-;O;121
46;path;O;121
46;to;O;121
46;bathe;O;121
46;in;O;121
46;the;O;121
46;water;O;121
46;.;O;121
47;But;O;122
47;in;O;122
47;the;O;122
47;midst;O;122
47;of;O;122
47;the;O;122
47;war;O;122
47;a;O;122
47;spirit;B-CREATURE;122
47;of;O;122
47;great;O;122
47;strength;O;122
47;and;O;122
47;hardihood;O;122
47;came;O;122
47;to;O;122
47;the;O;122
47;aid;O;122
47;of;O;122
47;the;O;122
47;Valar;B-CREATURE;122
47;,;O;122
47;hearing;O;122
47;in;O;122
47;the;O;122
47;far;O;122
47;heaven;O;122
47;that;O;122
47;there;O;122
47;was;O;122
47;battle;O;122
47;in;O;122
47;the;O;122
47;Little;B-LOC;122
47;Kingdom;I-LOC;122
47;";";O;122
47;and;O;122
47;Arda;B-LOC;122
47;was;O;122
47;filled;O;122
47;with;O;122
47;the;O;122
47;sound;O;122
47;of;O;122
47;his;O;122
47;laughter;O;122
47;.;O;122
48;The;O;123
48;dwelling;O;123
48;of;O;123
48;the;O;123
48;Valar;B-CREATURE;123
48;upon;O;123
48;Almaren;B-LOC;123
48;was;O;123
48;utterly;O;123
48;destroyed;O;123
48;,;O;123
48;and;O;123
48;they;O;123
48;had;O;123
48;no;O;123
48;abiding;O;123
48;place;O;123
48;upon;O;123
48;the;O;123
48;face;O;123
48;of;O;123
48;the;O;123
48;Earth;B-LOC;123
48;.;O;123
49;The;O;124
49;Vanyar;B-CREATURE;124
49;he;O;124
49;loved;O;124
49;best;O;124
49;of;O;124
49;all;O;124
49;the;O;124
49;Elves;B-CREATURE;124
49;,;O;124
49;and;O;124
49;of;O;124
49;him;O;124
49;they;O;124
49;received;O;124
49;song;O;124
49;and;O;124
49;poetry;O;124
49;";";O;124
49;for;O;124
49;poetry;O;124
49;is;O;124
49;the;O;124
49;delight;O;124
49;of;O;124
49;Manwe;B-PER;124
49;,;O;124
49;and;O;124
49;the;O;124
49;song;B-SPELL;124
49;of;I-SPELL;124
49;words;I-SPELL;124
49;is;O;124
49;his;O;124
49;music;O;124
49;.;O;124
50;An;O;125
50;Elf;B-CREATURE;125
50;will;O;125
50;go;O;125
50;underground;O;125
50;and;O;125
50;a;O;125
50;Dwarf;B-CREATURE;125
50;dare;O;125
50;not;O;125
50;!;O;125
51;No;O;126
51;hours;O;126
51;so;O;126
51;dark;O;126
51;had;O;126
51;Pippin;B-PER;126
51;known;O;126
51;,;O;126
51;not;O;126
51;even;O;126
51;in;O;126
51;the;O;126
51;clutches;O;126
51;of;O;126
51;the;O;126
51;Uruk;B-CREATURE;126
51;-;O;126
51;hai;I-CREATURE;126
51;.;O;126
52;Do;O;127
52;as;O;127
52;you;O;127
52;will;O;127
52;,;O;127
52;Master;O;127
52;Halfling;B-CREATURE;127
52;,;O;127
52;but;O;127
52;my;O;127
52;life;O;127
52;is;O;127
52;broken;O;127
52;.;O;127
53;The;O;128
53;dragon;B-CREATURE;128
53;is;O;128
53;still;O;128
53;alive;O;128
53;and;O;128
53;in;O;128
53;the;O;128
53;halls;O;128
53;under;O;128
53;the;O;128
53;Mountain;B-LOC;128
53;then;O;128
53;—;O;128
53;or;O;128
53;I;O;128
53;imagine;O;128
53;so;O;128
53;from;O;128
53;the;O;128
53;smoke;O;128
53;,;O;128
53;”;O;128
53;said;O;128
53;the;O;128
53;hobbit;B-CREATURE;128
53;.;O;128
54;`;O;129
54;Naur;B-SPELL;129
54;an;I-SPELL;129
54;edraith;I-SPELL;129
54;ammen;I-SPELL;129
54;!;O;129
54;Naur;B-SPELL;129
54;dan;I-SPELL;129
54;i;I-SPELL;129
54;ngaurhoth;I-SPELL;129
54;!;O;129
54;;O;129
54;he;O;129
54;cried;O;129
54;.;O;129
55;`;O;130
55;You;B-SPELL;130
55;cannot;I-SPELL;130
55;pass;I-SPELL;130
55;,;O;130
55;;O;130
55;he;O;130
55;said;O;130
55;.;O;130
55;The;O;130
55;orcs;B-CREATURE;130
55;stood;O;130
55;still;O;130
55;,;O;130
55;and;O;130
55;a;O;130
55;dead;O;130
55;silence;O;130
55;fell;O;130
55;.;O;130
56;I;O;131
56;am;O;131
56;a;O;131
56;servant;O;131
56;of;O;131
56;the;O;131
56;Secret;B-SPELL;131
56;Fire;I-SPELL;131
56;,;O;131
56;wielder;O;131
56;of;O;131
56;the;O;131
56;flame;O;131
56;of;O;131
56;Anor;B-LOC;131
56;.;O;131
57;Annon;B-SPELL;132
57;edhellen;I-SPELL;132
57;,;O;132
57;edro;I-SPELL;132
57;hi;I-SPELL;132
57;ammen;I-SPELL;132
57;!;O;132
58;The;O;133
58;goblins;B-CREATURE;133
58;gathered;O;133
58;again;O;133
58;in;O;133
58;the;O;133
58;valley;O;133
58;.;O;133
59;There;O;134
59;a;O;134
59;host;O;134
59;of;O;134
59;Wargs;B-CREATURE;134
59;came;O;134
59;ravening;O;134
59;and;O;134
59;with;O;134
59;them;O;134
59;came;O;134
59;the;O;134
59;bodyguard;O;134
59;of;O;134
59;Bolg;B-PER;134
59;,;O;134
59;goblins;B-CREATURE;134
59;of;O;134
59;huge;O;134
59;size;O;134
59;with;O;134
59;scimitars;O;134
59;of;O;134
59;steel;O;134
59;.;O;134
60;Soon;O;135
60;actual;O;135
60;darkness;O;135
60;was;O;135
60;coming;O;135
60;into;O;135
60;a;O;135
60;stormy;O;135
60;sky;O;135
60;";";O;135
60;while;O;135
60;still;O;135
60;the;O;135
60;great;O;135
60;bats;O;135
60;swirled;O;135
60;about;O;135
60;the;O;135
60;heads;O;135
60;and;O;135
60;ears;O;135
60;of;O;135
60;elves;B-CREATURE;135
60;and;O;135
60;men;O;135
60;,;O;135
60;or;O;135
60;fastened;O;135
60;vampire;B-CREATURE;135
60;-;O;135
60;like;O;135
60;on;O;135
60;the;O;135
60;stricken;O;135
60;.;O;135
61;And;O;136
61;immediately;O;136
61;he;O;136
61;took;O;136
61;the;O;136
61;form;O;136
61;of;O;136
61;a;O;136
61;vampire;B-CREATURE;136
61;,;O;136
61;great;O;136
61;as;O;136
61;a;O;136
61;dark;O;136
61;cloud;O;136
61;across;O;136
61;the;O;136
61;moon;O;136
61;,;O;136
61;and;O;136
61;he;O;136
61;fled;O;136
61;,;O;136
61;dripping;O;136
61;blood;O;136
61;from;O;136
61;his;O;136
61;throat;O;136
61;upon;O;136
61;the;O;136
61;trees;O;136
61;,;O;136
61;and;O;136
61;came;O;136
61;to;O;136
61;Taur;B-LOC;136
61;-;O;136
61;nu;I-LOC;136
61;-;O;136
61;Fuin;I-LOC;136
61;,;O;136
61;and;O;136
61;dwelt;O;136
61;there;O;136
61;,;O;136
61;filling;O;136
61;it;O;136
61;with;O;136
61;horror;O;136
61;.;O;136
62;The;O;137
62;dragon;B-CREATURE;137
62;was;O;137
62;dead;O;137
62;,;O;137
62;and;O;137
62;the;O;137
62;goblins;B-CREATURE;137
62;overthrown;O;137
62;,;O;137
62;and;O;137
62;their;O;137
62;hearts;O;137
62;looked;O;137
62;forward;O;137
62;after;O;137
62;winter;O;137
62;to;O;137
62;a;O;137
62;spring;O;137
62;of;O;137
62;joy;O;137
62;.;O;137
63;With;O;138
63;that;O;138
63;he;O;138
63;put;O;138
63;on;O;138
63;Bilbo;B-PER;138
63;a;O;138
63;small;O;138
63;coat;O;138
63;of;O;138
63;mail;O;138
63;,;O;138
63;wrought;O;138
63;for;O;138
63;some;O;138
63;young;O;138
63;elf;B-CREATURE;138
63;-;O;138
63;prince;O;138
63;long;O;138
63;ago;O;138
63;.;O;138
64;It;O;139
64;was;O;139
64;of;O;139
64;silver;O;139
64;-;O;139
64;steel;O;139
64;,;O;139
64;which;O;139
64;the;O;139
64;elves;B-CREATURE;139
64;call;O;139
64;mithril;B-ARTIFACT;139
64;,;O;139
64;and;O;139
64;with;O;139
64;it;O;139
64;went;O;139
64;a;O;139
64;belt;O;139
64;of;O;139
64;pearls;O;139
64;and;O;139
64;crystals;O;139
64;.;O;139
65;There;O;140
65;were;O;140
65;four;O;140
65;goblin;B-CREATURE;140
65;-;O;140
65;soldiers;O;140
65;of;O;140
65;greater;O;140
65;stature;O;140
65;,;O;140
65;swart;O;140
65;,;O;140
65;slant;O;140
65;-;O;140
65;eyed;O;140
65;,;O;140
65;with;O;140
65;thick;O;140
65;legs;O;140
65;and;O;140
65;large;O;140
65;hands;O;140
65;.;O;140
66;They;O;141
66;were;O;141
66;armed;O;141
66;with;O;141
66;short;O;141
66;broad;O;141
66;-;O;141
66;bladed;O;141
66;swords;O;141
66;,;O;141
66;not;O;141
66;with;O;141
66;the;O;141
66;curved;O;141
66;scimitars;O;141
66;usual;O;141
66;with;O;141
66;Orcs;B-CREATURE;141
66;:;O;141
66;and;O;141
66;they;O;141
66;had;O;141
66;bows;O;141
66;of;O;141
66;yew;O;141
66;,;O;141
66;in;O;141
66;length;O;141
66;and;O;141
66;shape;O;141
66;like;O;141
66;the;O;141
66;bows;O;141
66;of;O;141
66;Men;O;141
66;.;O;141
67;Again;O;142
67;Gandalf;B-PER;142
67;approached;O;142
67;the;O;142
67;wall;O;142
67;,;O;142
67;and;O;142
67;lifting;O;142
67;up;O;142
67;his;O;142
67;arms;O;142
67;he;O;142
67;spoke;O;142
67;in;O;142
67;tones;O;142
67;of;O;142
67;command;O;142
67;and;O;142
67;rising;O;142
67;wrath;O;142
67;.;O;142
67;Edro;B-SPELL;142
67;,;O;142
67;edro;I-SPELL;142
67;!;O;142
67;he;O;142
67;cried;O;142
67;,;O;142
67;and;O;142
67;struck;O;142
67;the;O;142
67;rock;O;142
67;with;O;142
67;his;O;142
67;staff;B-ARTIFACT;142
67;.;O;142
68;This;O;143
68;is;O;143
68;the;O;143
68;plan;O;143
68;that;O;143
68;he;O;143
68;made;O;143
68;in;O;143
68;council;O;143
68;with;O;143
68;the;O;143
68;Elven;B-CREATURE;143
68;-;O;143
68;king;I-CREATURE;143
68;and;O;143
68;with;O;143
68;Bard;B-PER;143
68;";";O;143
68;and;O;143
68;with;O;143
68;Dain;B-PER;143
68;,;O;143
68;for;O;143
68;the;O;143
68;dwarf;B-CREATURE;143
68;-;O;143
68;lord;B-CREATURE;143
68;now;O;143
68;joined;O;143
68;them;O;143
68;:;O;143
68;the;O;143
68;Goblins;B-CREATURE;143
68;were;O;143
68;the;O;143
68;foes;O;143
68;of;O;143
68;all;O;143
68;,;O;143
68;and;O;143
68;at;O;143
68;their;O;143
68;coming;O;143
68;all;O;143
68;other;O;143
68;quarrels;O;143
68;were;O;143
68;forgotten;O;143
68;.;O;143
69;Trolls;B-CREATURE;144
69;simply;O;144
69;detest;O;144
69;the;O;144
69;very;O;144
69;sight;O;144
69;of;O;144
69;dwarves;B-CREATURE;144
69;(;O;144
69;uncooked;O;144
69;);O;144
69;.;O;144
70;But;O;145
70;Trolls;B-CREATURE;145
70;are;O;145
70;only;O;145
70;counterfeits;O;145
70;,;O;145
70;made;O;145
70;by;O;145
70;the;O;145
70;Enemy;O;145
70;in;O;145
70;the;O;145
70;Great;O;145
70;Darkness;O;145
70;,;O;145
70;in;O;145
70;mockery;O;145
70;of;O;145
70;Ents;B-CREATURE;145
70;,;O;145
70;as;O;145
70;Orcs;B-CREATURE;145
70;were;O;145
70;of;O;145
70;Elves;B-CREATURE;145
70;.;O;145
71;Before;O;146
71;Gollum;B-CREATURE;146
71;could;O;146
71;get;O;146
71;up;O;146
71;,;O;146
71;he;O;146
71;was;O;146
71;on;O;146
71;top;O;146
71;of;O;146
71;him;O;146
71;.;O;146
72;There;O;147
72;are;O;147
72;no;O;147
72;goblins;B-CREATURE;147
72;near;O;147
72;,;O;147
72;or;O;147
72;my;O;147
72;ears;O;147
72;are;O;147
72;made;O;147
72;of;O;147
72;wood;O;147
72;.;O;147
73;It;O;148
73;is;O;148
73;to;O;148
73;be;O;148
73;hoped;O;148
73;that;O;148
73;the;O;148
73;Orcs;B-CREATURE;148
73;will;O;148
73;be;O;148
73;content;O;148
73;with;O;148
73;driving;O;148
73;us;O;148
73;from;O;148
73;Moria;B-LOC;148
73;.;O;148
74;The;O;149
74;Nazgűl;B-CREATURE;149
74;down;O;149
74;below;O;149
74;are;O;149
74;,;O;149
74;by;O;149
74;your;O;149
74;account;O;149
74;";";O;149
74;and;O;149
74;Lugbűrz;B-LOC;149
74;is;O;149
74;too;O;149
74;.;O;149
75;The;O;150
75;Barrow;B-CREATURE;150
75;-;O;150
75;wights;I-CREATURE;150
75;we;O;150
75;know;O;150
75;by;O;150
75;many;O;150
75;names;O;150
75;";";O;150
75;and;O;150
75;of;O;150
75;the;O;150
75;Old;B-LOC;150
75;Forest;I-LOC;150
75;many;O;150
75;tales;O;150
75;have;O;150
75;been;O;150
75;told;O;150
75;:;O;150
75;all;O;150
75;that;O;150
75;now;O;150
75;remains;O;150
75;is;O;150
75;but;O;150
75;an;O;150
75;outlier;O;150
75;of;O;150
75;its;O;150
75;northern;O;150
75;march;O;150
75;.;O;150
1;Yes;O;151
1;,;O;151
1;the;O;151
1;last;O;151
1;and;O;151
1;worst;O;151
1;.;O;151
1;Avada;B-SPELL;151
1;Kedavra;I-SPELL;151
1;.;O;151
1;.;O;151
1;.;O;151
1;the;O;151
1;Killing;B-SPELL;151
1;Curse;B-SPELL;151
1;.;O;151
2;Now;O;152
2;.;O;152
2;.;O;152
2;.;O;152
2;those;O;152
2;three;O;152
2;curses;O;152
2;Avada;B-SPELL;152
2;Kedavra;I-SPELL;152
2;,;O;152
2;Imperius;B-SPELL;152
2;,;O;152
2;and;O;152
2;Cruciatus;B-SPELL;152
2;are;O;152
2;known;O;152
2;as;O;152
2;the;O;152
2;Unforgivable;B-SPELL;152
2;Curses;I-SPELL;152
2;.;O;152
2;"""";O;152
2;The;O;152
2;Cruciatus;B-SPELL;152
2;Curse;I-SPELL;152
2;,;O;152
2;"""";O;152
2;said;O;152
2;Moody;B-PER;152
2;.;O;152
2;"""";O;152
2;Needs;O;152
2;to;O;152
2;be;O;152
2;a;O;152
2;bit;O;152
2;bigger;O;152
2;for;O;152
2;you;O;152
2;to;O;152
2;get;O;152
2;to;O;152
2;the;O;152
2;idea;O;152
2;,;O;152
2;"""";O;152
2;he;O;152
2;said;O;152
2;,;O;152
2;pointing;O;152
2;his;O;152
2;wand;O;152
2;at;O;152
2;the;O;152
2;spider;O;152
2;.;O;152
2;"""";O;152
2;Engorgio;B-SPELL;152
2;!;O;152
2;"""";O;152
3;Moody;B-PER;153
3;raised;O;153
3;his;O;153
3;wand;O;153
3;again;O;153
3;,;O;153
3;pointed;O;153
3;it;O;153
3;at;O;153
3;the;O;153
3;spider;O;153
3;,;O;153
3;and;O;153
3;muttered;O;153
3;,;O;153
3;"""";O;153
3;Crucio;B-SPELL;153
3;!;O;153
3;"""";O;153
4;Bagman;B-PER;154
4;gave;O;154
4;Harry;B-PER;154
4;APOS;O;154
4;s;O;154
4;shoulder;O;154
4;a;O;154
4;quick;O;154
4;squeeze;O;154
4;and;O;154
4;returned;O;154
4;to;O;154
4;the;O;154
4;judges;O;154
4;APOS;O;154
4;table;O;154
4;";";O;154
4;he;O;154
4;pointed;O;154
4;his;O;154
4;wand;O;154
4;at;O;154
4;his;O;154
4;throat;O;154
4;as;O;154
4;he;O;154
4;had;O;154
4;done;O;154
4;at;O;154
4;the;O;154
4;World;O;154
4;Cup;O;154
4;,;O;154
4;said;O;154
4;,;O;154
4;"""";O;154
4;Sonorus;B-SPELL;154
4;!;O;154
4;"""";O;154
4;and;O;154
4;his;O;154
4;voice;O;154
4;boomed;O;154
4;out;O;154
4;across;O;154
4;the;O;154
4;dark;O;154
4;water;O;154
4;toward;O;154
4;the;O;154
4;stands;O;154
4;.;O;154
5;without;O;155
5;looking;O;155
5;to;O;155
5;see;O;155
5;what;O;155
5;the;O;155
5;other;O;155
5;champions;O;155
5;were;O;155
5;doing;O;155
5;,;O;155
5;Harry;B-PER;155
5;pulled;O;155
5;off;O;155
5;his;O;155
5;shoes;O;155
5;and;O;155
5;socks;O;155
5;,;O;155
5;pulled;O;155
5;the;O;155
5;handful;O;155
5;off;O;155
5;gillyweed;B-ARTIFACT;155
5;out;O;155
5;off;O;155
5;his;O;155
5;pocket;O;155
5;,;O;155
5;stuffed;O;155
5;it;O;155
5;into;O;155
5;his;O;155
5;mouth;O;155
5;and;O;155
5;waded;O;155
5;out;O;155
5;into;O;155
5;the;O;155
5;lake;O;155
5;.;O;155
6;He;O;156
6;was;O;156
6;chewing;O;156
6;the;O;156
6;gillyweed;B-ARTIFACT;156
6;as;O;156
6;hard;O;156
6;as;O;156
6;he;O;156
6;could;O;156
6;.;O;156
7;When;O;157
7;none;O;157
7;appeared;O;157
7;,;O;157
7;he;O;157
7;tried;O;157
7;the;O;157
7;Reductor;B-SPELL;157
7;Curse;I-SPELL;157
7;again;O;157
7;.;O;157
8;Someone;O;158
8;APOS;O;158
8;ll;O;158
8;come;O;158
8;and;O;158
8;collect;O;158
8;him;O;158
8;.;O;158
8;.;O;158
8;.;O;158
8;otherwise;O;158
8;he;O;158
8;APOS;O;158
8;ll;O;158
8;probably;O;158
8;be;O;158
8;eaten;O;158
8;by;O;158
8;a;O;158
8;skrewt;B-CREATURE;158
8;.;O;158
9;Krum;B-PER;159
9;surely;O;159
9;couldn;O;159
9;APOS;O;159
9;t;O;159
9;have;O;159
9;wanted;O;159
9;the;O;159
9;Triwizard;B-ARTIFACT;159
9;Cup;B-ARTIFACT;159
9;that;O;159
9;badly;O;159
9;.;O;159
9;.;O;159
9;.;O;159
9;.;O;159
10;Then;O;160
10;,;O;160
10;as;O;160
10;he;O;160
10;strode;O;160
10;down;O;160
10;a;O;160
10;long;O;160
10;,;O;160
10;straight;O;160
10;path;O;160
10;,;O;160
10;he;O;160
10;saw;O;160
10;movement;O;160
10;once;O;160
10;again;O;160
10;,;O;160
10;and;O;160
10;his;O;160
10;beam;O;160
10;off;O;160
10;wandlight;B-ARTIFACT;160
10;hit;O;160
10;an;O;160
10;extraordinary;O;160
10;creature;O;160
10;,;O;160
10;once;O;160
10;which;O;160
10;he;O;160
10;had;O;160
10;only;O;160
10;seen;O;160
10;in;O;160
10;picture;O;160
10;form;O;160
10;,;O;160
10;in;O;160
10;his;O;160
10;Monster;B-ARTIFACT;160
10;Book;I-ARTIFACT;160
10;of;I-ARTIFACT;160
10;Monsters;I-ARTIFACT;160
10;.;O;160
11;Herminoe;B-PER;161
11;gasped;O;161
11;and;O;161
11;started;O;161
11;making;O;161
11;suggestions;O;161
11;at;O;161
11;once;O;161
11;,;O;161
11;mentioning;O;161
11;a;O;161
11;number;O;161
11;of;O;161
11;reference;O;161
11;books;O;161
11;,;O;161
11;and;O;161
11;everybody;O;161
11;from;O;161
11;Albus;B-PER;161
11;Dumbledore;I-PER;161
11;to;O;161
11;Madam;B-PER;161
11;Pomfrey;I-PER;161
11;,;O;161
11;the;O;161
11;Hogwarts;O;161
11;nurse;O;161
11;.;O;161
12;"""";O;162
12;Hang;O;162
12;on;O;162
12;,;O;162
12;I;O;162
12;APOS;O;162
12;ll;O;162
12;get;O;162
12;my;O;162
12;Firebolt;B-ARTIFACT;162
12;.;O;162
12;"""";O;162
13;"""";O;163
13;Why;O;163
13;are;O;163
13;they;O;163
13;all;O;163
13;sending;O;163
13;Howlers;B-CREATURE;163
13;?;O;163
13;"""";O;163
13;asked;O;163
13;Ginny;B-PER;163
13;,;O;163
13;who;O;163
13;was;O;163
13;mending;O;163
13;her;O;163
13;copy;O;163
13;of;O;163
13;One;B-ARTIFACT;163
13;Thousand;I-ARTIFACT;163
13;Magical;I-ARTIFACT;163
13;Herbs;I-ARTIFACT;163
13;and;I-ARTIFACT;163
13;Fungi;I-ARTIFACT;163
13;with;O;163
13;Spellotape;B-ARTIFACT;163
13;on;O;163
13;the;O;163
13;rug;O;163
13;in;O;163
13;front;O;163
13;of;O;163
13;the;O;163
13;living;O;163
13;room;O;163
13;fire;O;163
13;.;O;163
14;"""";O;164
14;Rita;B-PER;164
14;Skeeter;I-PER;164
14;never;O;164
14;makes;O;164
14;anyone;O;164
14;look;O;164
14;good;O;164
14;.;O;164
14;Remember;O;164
14;,;O;164
14;she;O;164
14;interviewed;O;164
14;all;O;164
14;the;O;164
14;Gringotts;O;164
14;APOS;O;164
14;Charm;B-CREATURE;164
14;Breakers;I-CREATURE;164
14;once;O;164
14;?;O;164
14;"""";O;164
15;Harry;B-PER;165
15;was;O;165
15;polishing;O;165
15;his;O;165
15;Firebolt;B-ARTIFACT;165
15;,;O;165
15;the;O;165
15;broomstick;B-ARTIFACT;165
15;servicing;I-ARTIFACT;165
15;kit;I-ARTIFACT;165
15;Herminoe;B-PER;165
15;had;O;165
15;given;O;165
15;him;O;165
15;for;O;165
15;his;O;165
15;thirteenth;O;165
15;birthday;O;165
15;open;O;165
15;at;O;165
15;his;O;165
15;feet;O;165
15;.;O;165
16;Pigwidgeon;B-CREATURE;166
16;began;O;166
16;twittering;O;166
16;and;O;166
16;zooming;O;166
16;around;O;166
16;in;O;166
16;his;O;166
16;cage;O;166
16;when;O;166
16;they;O;166
16;entered;O;166
16;.;O;166
17;Harry;B-PER;167
17;poked;O;167
17;a;O;167
17;few;O;167
17;Owl;B-ARTIFACT;167
17;Treats;I-ARTIFACT;167
17;through;O;167
17;the;O;167
17;bars;O;167
17;of;O;167
17;Pigwidgeon;B-CREATURE;167
17;APOS;O;167
17;s;O;167
17;cage;O;167
17;,;O;167
17;then;O;167
17;turned;O;167
17;to;O;167
17;his;O;167
17;trunk;O;167
17;.;O;167
18;Hedwig;B-CREATURE;168
18;APOS;O;168
18;s;O;168
18;cage;O;168
18;stood;O;168
18;next;O;168
18;to;O;168
18;it;O;168
18;,;O;168
18;still;O;168
18;empty;O;168
18;.;O;168
19;"""";O;169
19;What;O;169
19;does;O;169
19;Mad;B-PER;169
19;Eye;I-PER;169
19;say;O;169
19;happened;O;169
19;?;O;169
19;"""";O;169
19;asked;O;169
19;Mr;B-PER;169
19;.;I-PER;169
19;Weasly;I-PER;169
19;,;O;169
19;unscrewing;O;169
19;the;O;169
19;ink;O;169
19;bottle;O;169
19;,;O;169
19;loading;O;169
19;up;O;169
19;his;O;169
19;quill;O;169
19;,;O;169
19;and;O;169
19;preparing;O;169
19;notes;O;169
19;.;O;169
20;The;B-ARTIFACT;170
20;Hogwarts;I-ARTIFACT;170
20;Express;I-ARTIFACT;170
20;,;O;170
20;a;O;170
20;gleaming;O;170
20;scarlet;O;170
20;steam;O;170
20;engine;O;170
20;,;O;170
20;was;O;170
20;already;O;170
20;there;O;170
20;,;O;170
20;clouds;O;170
20;of;O;170
20;steam;O;170
20;billowing;O;170
20;from;O;170
20;it;O;170
20;,;O;170
20;through;O;170
20;which;O;170
20;the;O;170
20;many;O;170
20;Hogwarts;O;170
20;students;O;170
20;and;O;170
20;parents;O;170
20;on;O;170
20;the;O;170
20;platform;O;170
20;appeared;O;170
20;dark;O;170
20;ghosts;B-CREATURE;170
20;.;O;170
21;Harry;B-PER;171
21;looked;O;171
21;up;O;171
21;and;O;171
21;saw;O;171
21;,;O;171
21;floating;O;171
21;twenty;O;171
21;feet;O;171
21;above;O;171
21;them;O;171
21;,;O;171
21;Peeves;B-PER;171
21;the;I-PER;171
21;Poltergeist;I-PER;171
21;,;O;171
21;a;O;171
21;little;O;171
21;many;O;171
21;in;O;171
21;a;O;171
21;bell;O;171
21;covered;O;171
21;hat;O;171
21;and;O;171
21;orange;O;171
21;bow;O;171
21;tie;O;171
21;.;O;171
22;A;O;172
22;large;O;172
22;wooden;O;172
22;trunk;O;172
22;stood;O;172
22;open;O;172
22;at;O;172
22;the;O;172
22;front;O;172
22;of;O;172
22;his;O;172
22;bed;O;172
22;,;O;172
22;revealing;O;172
22;a;O;172
22;cauldron;B-ARTIFACT;172
22;,;O;172
22;broomstick;B-ARTIFACT;172
22;,;O;172
22;black;O;172
22;robes;B-ARTIFACT;172
22;,;O;172
22;and;O;172
22;assorted;O;172
22;spellbooks;B-ARTIFACT;172
22;.;O;172
23;I;O;173
23;APOS;O;173
23;ve;O;173
23;seen;O;173
23;this;O;173
23;Horntail;B-CREATURE;173
23;do ;O;173
23;forty;O;173
23;!;O;173
24;Harry;B-PER;174
24;saw;O;174
24;each;O;174
24;of;O;174
24;the;O;174
24;dragon;B-CREATURE;174
24;keepers;O;174
24;pull;O;174
24;out;O;174
24;his;O;174
24;wand;B-ARTIFACT;174
24;.;O;174
25;"""";O;175
25;Stupefy;B-SPELL;175
25;!;O;175
25;"""";O;175
25;they;O;175
25;shouted;O;175
25;unison;O;175
25;.;O;175
26;They;O;176
26;should;O;176
26;be;O;176
26;okay;O;176
26;now;O;176
26;we ;O;176
26;put;O;176
26;them;O;176
26;out;O;176
26;with;O;176
26;a;O;176
26;Sleeping;B-ARTIFACT;176
26;Draught;B-ARTIFACT;176
26;on;O;176
26;the;O;176
26;way;O;176
26;here;O;176
26;.;O;176
27;"""";O;177
27;This;O;177
27;is;O;177
27;a;O;177
27;Hungarian;B-CREATURE;177
27;Horntail;I-CREATURE;177
27;,;O;177
27;"""";O;177
27;said;O;177
27;Charlie;B-PER;177
27;.;O;177
27;"""";O;177
27;There;O;177
27;APOS;O;177
27;s;O;177
27;a;O;177
27;Common;B-CREATURE;177
27;Welsh;I-CREATURE;177
27;Green;I-CREATURE;177
27;over;O;177
27;there;O;177
27;,;O;177
27;a;O;177
27;Swedish;B-CREATURE;177
27;Short;I-CREATURE;177
27;Snout;I-CREATURE;177
27;,;O;177
27;a;O;177
27;Chinese;B-CREATURE;177
27;Fireball;I-CREATURE;177
27;.;O;177
28;We;O;178
28;APOS;O;178
28;ll;O;178
28;be;O;178
28;on;O;178
28;hand;O;178
28;if;O;178
28;it;O;178
28;gets;O;178
28;nasty;O;178
28;,;O;178
28;Extinguishing;B-SPELL;178
28;Spells;I-SPELL;178
28;at;O;178
28;the;O;178
28;ready;O;178
28;.;O;178
29;He ;O;179
29;was;O;179
29;going;O;179
29;to;O;179
29;be;O;179
29;armed;O;179
29;with;O;179
29;his;O;179
29;wand;O;179
29;against;O;179
29;a;O;179
29;fifty;O;179
29;foot;O;179
29;high;O;179
29;,;O;179
29;scaly;O;179
29;,;O;179
29;spike;O;179
29;ridden;O;179
29;,;O;179
29;fire;O;179
29;breathing;O;179
29;dragon;B-CREATURE;179
29;.;O;179
30;After;O;180
30;a;O;180
30;minute;O;180
30;or;O;180
30;so;O;180
30;,;O;180
30;Karkaroff;B-PER;180
30;seemed;O;180
30;to;O;180
30;decide;O;180
30;that;O;180
30;he;O;180
30;had;O;180
30;hit;O;180
30;some;O;180
30;sort;O;180
30;of;O;180
30;animal;O;180
30;.;O;180
39;Harry;B-PER;189
39;pulled;O;189
39;off;O;189
39;the;O;189
39;Invisibility;B-ARTIFACT;189
39;Cloak;B-ARTIFACT;189
39;and;O;189
39;threw;O;189
39;himself;O;189
39;into;O;189
39;an;O;189
39;armchair;O;189
39;in;O;189
39;front;O;189
39;of;O;189
39;the;O;189
39;fire;O;189
39;.;O;189
40;Are;O;190
40;you;O;190
40;saying;O;190
40;Karkaroff;B-PER;190
40;put;O;190
40;my;O;190
40;name;O;190
40;in;O;190
40;the;O;190
40;goblet;B-ARTIFACT;190
40;?;O;190
41;"""";O;191
41;Bertha;B-PER;191
41;Jorkins;I-PER;191
41;?;O;191
41;"""";O;191
41;said;O;191
41;Harry;B-PER;191
41;.;O;191
42;But;O;192
42;whoever;O;192
42;put;O;192
42;your;O;192
42;name;O;192
42;in;O;192
42;that;O;192
42;goblet;B-ARTIFACT;192
42;did;O;192
42;it;O;192
42;for;O;192
42;a;O;192
42;reason;O;192
42;.;O;192
43;Pausing;O;193
43;at;O;193
43;a;O;193
43;distance;O;193
43;from;O;193
43;them;O;193
43;,;O;193
43;he;O;193
43;pulled;O;193
43;out;O;193
43;his;O;193
43;wand;B-ARTIFACT;193
43;,;O;193
43;and;O;193
43;took;O;193
43;careful;O;193
43;aim;O;193
43;.;O;193
44;"""";O;194
44;Diffindo;B-SPELL;194
44;!;O;194
44;"""";O;194
45;"""";O;195
45;Tell;O;195
45;Flitwock;B-PER;195
45;I;O;195
45;APOS;O;195
45;m;O;195
45;coming;O;195
45;,;O;195
45;go;O;195
45;on;O;195
45;.;O;195
45;.;O;195
45;.;O;195
46;"""";O;196
46;Hi;O;196
46;,;O;196
46;"""";O;196
46;said;O;196
46;Cedric;B-PER;196
46;,;O;196
46;picking;O;196
46;up;O;196
46;a;O;196
46;copy;O;196
46;of;O;196
46;A;B-ARTIFACT;196
46;Guide;I-ARTIFACT;196
46;to;I-ARTIFACT;196
46;Advanced;I-ARTIFACT;196
46;Transfiguration;I-ARTIFACT;196
46;that;O;196
46;was;O;196
46;now;O;196
46;splattered;O;196
46;with;O;196
46;ink;O;196
46;.;O;196
47;Harry;B-PER;197
47;recognized;O;197
47;it;O;197
47;at;O;197
47;once;O;197
47;as;O;197
47;a;O;197
47;Sneakoscope;B-ARTIFACT;197
47;.;O;197
48;Secrecy;B-ARTIFACT;198
48;Sensor;I-ARTIFACT;198
48;.;O;198
48;Vibrates;O;198
48;when;O;198
48;it;O;198
48;detects;O;198
48;concealment;O;198
48;and;O;198
48;lies;O;198
48;.;O;198
49;Oh;O;199
49;that;O;199
49;APOS;O;199
49;s;O;199
49;my;O;199
49;Foe;B-ARTIFACT;199
49;Glass;I-ARTIFACT;199
49;.;O;199
50;Harry;B-PER;200
50;stood;O;200
50;near;O;200
50;the;O;200
50;fireplace;O;200
50;,;O;200
50;surrounded;O;200
50;by;O;200
50;heaps;O;200
50;of;O;200
50;objects;O;200
50;:;O;200
50;books;O;200
50;,;O;200
50;quills;O;200
50;,;O;200
50;several;O;200
50;upturned;O;200
50;chairs;O;200
50;,;O;200
50;an;O;200
50;old;O;200
50;set;O;200
50;of;O;200
50;Gobstones;B-ARTIFACT;200
50;,;O;200
50;and;O;200
50;Neville;B-PER;200
50;APOS;O;200
50;s;O;200
50;toad;O;200
50;,;O;200
50;Trevor;O;200
50;.;O;200
51;"""";O;201
51;Accio;B-SPELL;201
51;Dictionary;O;201
51;!;O;201
51;"""";O;201
52;Harry;B-PER;202
52;had;O;202
52;been;O;202
52;focusing;O;202
52;on;O;202
52;learning;O;202
52;the;O;202
52;Summoning;B-SPELL;202
52;Charm;I-SPELL;202
52;that;O;202
52;evening;O;202
52;that;O;202
52;some;O;202
52;of;O;202
52;his;O;202
52;blind;O;202
52;panic;O;202
52;had;O;202
52;left;O;202
52;him;O;202
52;.;O;202
53;He;O;203
53;left;O;203
53;the;O;203
53;Great;O;203
53;Hall;O;203
53;with;O;203
53;Professor;B-PER;203
53;McGonagall;I-PER;203
53;.;O;203
54;Fleur;B-PER;204
54;Delacour;I-PER;204
54;and;O;204
54;Krum;B-PER;204
54;hadn;O;204
54;APOS;O;204
54;t;O;204
54;reacted;O;204
54;at;O;204
54;all;O;204
54;.;O;204
55;Cedric;B-PER;205
55;had;O;205
55;gotten;O;205
55;past;O;205
55;his;O;205
55;dragon;B-CREATURE;205
55;and;O;205
55;captured;O;205
55;the;O;205
55;golden;B-ARTIFACT;205
55;egg;I-ARTIFACT;205
55;.;O;205
56;That;O;206
56;was;O;206
56;no;O;206
56;than;O;206
56;dodging;O;206
56;a;O;206
56;Bludger;B-ARTIFACT;206
56;.;O;206
57;Though;O;207
57;shocked;O;207
57;at;O;207
57;first;O;207
57;to;O;207
57;hear;O;207
57;that;O;207
57;Karkaroff;B-PER;207
57;had;O;207
57;been;O;207
57;a;O;207
57;Death;B-CREATURE;207
57;Eater;I-CREATURE;207
57;,;O;207
57;by;O;207
57;the;O;207
57;time;O;207
57;they;O;207
57;entered;O;207
57;the;O;207
57;Owelry;O;207
57;Ron;B-PER;207
57;was;O;207
57;saying;O;207
57;that;O;207
57;they;O;207
57;ought;O;207
57;to;O;207
57;have;O;207
57;suspected;O;207
57;it;O;207
57;all;O;207
57;along;O;207
57;.;O;207
58;They;O;208
58;APOS;O;208
58;re;O;208
58;looking;O;208
58;for;O;208
58;Barty;B-PER;208
58;Crouch;I-PER;208
58;.;O;208
59;Bladvak;B-ARTIFACT;209
59;.;O;209
60;It;O;210
60;means;O;210
60;APOS;O;210
60;pickax;B-ARTIFACT;210
60;APOS;O;210
60;.;O;210
61;"""";O;211
61;Some;O;211
61;Bulgarian;O;211
61;ministers;O;211
61;.;O;211
61;.;O;211
61;.;O;211
61;Cornelius;B-PER;211
61;Fudge;I-PER;211
61;.;O;211
61;.;O;211
61;.;O;211
61;the Malfoys;B-PER;211
61;.;O;211
61;.;O;211
61;.;O;211
61;"""";O;211
62;Imagine;O;212
62;that;O;212
62;Voldemort;B-PER;212
62;APOS;O;212
62;s;O;212
62;powerful;O;212
62;now;O;212
62;.;O;212
63;This;O;213
63;,;O;213
63;then;O;213
63;,;O;213
63;must;O;213
63;have;O;213
63;been;O;213
63;why;O;213
63;Crouch;B-PER;213
63;had;O;213
63;overreacted;O;213
63;to;O;213
63;Winky;B-PER;213
63;found;O;213
63;beneath;O;213
63;the;O;213
63;Dark;B-ARTIFACT;213
63;Mark;I-ARTIFACT;213
63;.;O;213
64;"""";O;214
64;No;O;214
64;one;O;214
64;APOS;O;214
64;s;O;214
64;tried;O;214
64;to;O;214
64;attack;O;214
64;me;O;214
64;so;O;214
64;far;O;214
64;,;O;214
64;except;O;214
64;a;O;214
64;dragon;B-CREATURE;214
64;and;O;214
64;a;O;214
64;couple;O;214
64;of;O;214
64;grindylows;B-CREATURE;214
64;"""";O;214
65;Harry;B-PER;215
65;twisted;O;215
65;his;O;215
65;body;O;215
65;around;O;215
65;and;O;215
65;saw;O;215
65;a;O;215
65;grindylow;B-CREATURE;215
65;,;O;215
65;a;O;215
65;small;O;215
65;,;O;215
65;horned;B-CREATURE;215
65;water;I-CREATURE;215
65;demon;I-CREATURE;215
65;.;O;215
66;It;O;216
66;had;O;216
66;paintings;O;216
66;of;O;216
66;merpeople;B-CREATURE;216
66;on;O;216
66;it;O;216
66;";";O;216
66;they;O;216
66;were;O;216
66;carrying;O;216
66;spears;O;216
66;and;O;216
66;chasing;O;216
66;what;O;216
66;looked;O;216
66;like;O;216
66;the;O;216
66;giant;B-CREATURE;216
66;squid;I-CREATURE;216
66;.;O;216
67;Harry;B-PER;217
67;swam;O;217
67;on;O;217
67;past;O;217
67;the;O;217
67;rock;O;217
67;,;O;217
67;following;O;217
67;the;O;217
67;mersong;B-SPELL;217
67;.;O;217
68;Four;O;218
68;people;O;218
68;were;O;218
68;bound;O;218
68;tightly;O;218
68;to;O;218
68;the;O;218
68;tail;O;218
68;of;O;218
68;the;O;218
68;stone;O;218
68;merperson;B-CREATURE;218
68;.;O;218
69;Ron;B-PER;219
69;was;O;219
69;tied;O;219
69;between;O;219
69;Hermione;B-PER;219
69;and;O;219
69;Cho;B-PER;219
69;Chang;I-PER;219
69;.;O;219
70;It;O;220
70;was;O;220
70;a;O;220
70;sphinx;B-CREATURE;220
70;.;O;220
71;It;O;221
71;had;O;221
71;the;O;221
71;body;O;221
71;of;O;221
71;an;O;221
71;overly;O;221
71;large;O;221
71;lion;O;221
71;.;O;221
72;The;O;222
72;sphinx;B-CREATURE;222
72;smiled;O;222
72;more;O;222
72;broadly;O;222
72;.;O;222
73;His;O;223
73;immediate;O;223
73;thought;O;223
73;was;O;223
73;a;O;223
73;Blast;B-CREATURE;223
73;Ended;I-CREATURE;223
73;Skrewt;I-CREATURE;223
73;,;O;223
73;but;O;223
73;something;O;223
73;told;O;223
73;him;O;223
73;that;O;223
73;wasn;O;223
73;APOS;O;223
73;t;O;223
73;the;O;223
73;answer;O;223
73;.;O;223
74;"""";O;224
74;Stupefy;B-SPELL;224
74;!;O;224
74;Impedimenta;B-SPELL;224
74;!;O;224
74;Stupefy;B-SPELL;224
74;!;O;224
74;"""";O;224
75;You;O;225
75;APOS;O;225
75;ve;O;225
75;covered;O;225
75;boggarts;B-CREATURE;225
75;,;O;225
75;Red;B-CREATURE;225
75;Caps;I-CREATURE;225
75;,;O;225
75;hinkypunks;B-CREATURE;225
75;,;O;225
75;grindylows;B-CREATURE;225
75;,;O;225
75;Kappas;B-CREATURE;225
75;,;O;225
75;and;O;225
75;werewolves;B-CREATURE;225
75;,;O;225
75;is;O;225
75;that;O;225
75;right;O;225
75;?;O;225
75;"""";O;225
1;As;O;226
1;for;O;226
1;Bilbo;B-PER;226
1;Baggins;B-PER;226
1;,;O;226
1;even;O;226
1;while;O;226
1;he;O;226
1;was;O;226
1;making;O;226
1;his;O;226
1;speech;O;226
1;,;O;226
1;he;O;226
1;had;O;226
1;been;O;226
1;fingering;O;226
1;the;O;226
1;golden;B-ARTIFACT;226
1;ring;I-ARTIFACT;226
1;in;O;226
1;his;O;226
1;pocket;O;226
1;:;O;226
1;his;O;226
1;magic;B-ARTIFACT;226
1;ring;I-ARTIFACT;226
1;that;O;226
1;he;O;226
1;had;O;226
1;kept;O;226
1;secret;O;226
1;for;O;226
1;so;O;226
1;many;O;226
1;years;O;226
1;.;O;226
2;He;O;227
2;slipped;O;227
2;it;O;227
2;on;O;227
2;his;O;227
2;finger;O;227
2;,;O;227
2;and;O;227
2;he;O;227
2;was;O;227
2;never;O;227
2;seen;O;227
2;by;O;227
2;any;O;227
2;hobbit;B-CREATURE;227
2;in;O;227
2;Hobbiton;B-LOC;227
2;again;O;227
2;.;O;227
3;There;O;228
3;was;O;228
3;a;O;228
3;blinding;B-SPELL;228
3;flash;I-SPELL;228
3;of;I-SPELL;228
3;light;I-SPELL;228
3;,;O;228
3;and;O;228
3;the;O;228
3;guests;O;228
3;all;O;228
3;blinked;O;228
3;.;O;228
4;Magic;B-ARTIFACT;229
4;rings;I-ARTIFACT;229
4;are;O;229
4;well;O;229
4;,;O;229
4;magical;B-SPELL;229
4;";";O;229
4;and;O;229
4;they;O;229
4;are;O;229
4;rare;O;229
4;and;O;229
4;curious;O;229
4;.;O;229
5;This;O;230
5;is;O;230
5;the;O;230
5;Master-ring;B-ARTIFACT;230
5;,;O;230
5;the;O;230
5;One;B-ARTIFACT;230
5;Ring;I-ARTIFACT;230
5;to;O;230
5;rule;O;230
5;them;O;230
5;all;O;230
5;,;O;230
5;the;O;230
5;Ruling;B-ARTIFACT;230
5;Ring;I-ARTIFACT;230
5;,;O;230
5;the;O;230
5;One;B-ARTIFACT;230
5;Ring;I-ARTIFACT;230
5;to;O;230
5;find;O;230
5;them;O;230
5;all;O;230
5;.;O;230
6;He;O;231
6;hung;O;231
6;a;O;231
6;short;B-ARTIFACT;231
6;sword;I-ARTIFACT;231
6;in;O;231
6;a;O;231
6;battered;B-ARTIFACT;231
6;black-leather;I-ARTIFACT;231
6;scabbard;I-ARTIFACT;231
6;on;O;231
6;his;O;231
6;belt;O;231
6;.;O;231
7;The;O;232
7;fireworks;B-ARTIFACT;232
7;were;O;232
7;by;O;232
7;Gandalf;B-PER;232
7;:;O;232
7;they;O;232
7;were;O;232
7;not;O;232
7;only;O;232
7;brought;O;232
7;by;O;232
7;him;O;232
7;,;O;232
7;but;O;232
7;designed;O;232
7;and;O;232
7;made;O;232
7;by;O;232
7;him;O;232
7;.;O;232
8;Out;O;233
8;flew;O;233
8;a;O;233
8;red-golden;O;233
8;dragon;B-CREATURE;233
8;not;O;233
8;life-size;O;233
8;,;O;233
8;but;O;233
8;terribly;O;233
8;life-like;O;233
8;:;O;233
8;fire;O;233
8;came;O;233
8;from;O;233
8;his;O;233
8;jaws;O;233
8;.;O;233
9;He;O;234
9;took;O;234
9;out;O;234
9;an;O;234
9;old;B-ARTIFACT;234
9;cloak;I-ARTIFACT;234
9;and;O;234
9;hood;B-ARTIFACT;234
9;,;O;234
9;locked;O;234
9;up;O;234
9;as;O;234
9;if;O;234
9;they;O;234
9;were;O;234
9;very;O;234
9;precious;O;234
9;.;O;234
10;Into;O;235
10;the;O;235
10;envelope;B-ARTIFACT;235
10;he;O;235
10;slipped;O;235
10;his;O;235
10;golden;B-ARTIFACT;235
10;ring;I-ARTIFACT;235
10;,;O;235
10;and;O;235
10;its;O;235
10;fine;O;235
10;chain;B-ARTIFACT;235
10;,;O;235
10;and;O;235
10;then;O;235
10;sealed;O;235
10;it;O;235
10;and;O;235
10;addressed;O;235
10;it;O;235
10;to;O;235
10;Frodo;B-PER;235
10;.;O;235
11;A;O;236
11;Ring;B-ARTIFACT;236
11;of;I-ARTIFACT;236
11;Power;I-ARTIFACT;236
11;looks;O;236
11;after;O;236
11;itself;O;236
11;,;O;236
11;Frodo;B-PER;236
11;.;O;236
12;But;O;237
12;the;O;237
12;Great;B-ARTIFACT;237
12;Rings;I-ARTIFACT;237
12;,;O;237
12;the;O;237
12;Rings;B-ARTIFACT;237
12;of;I-ARTIFACT;237
12;Power;I-ARTIFACT;237
12;,;O;237
12;they;O;237
12;were;O;237
12;perilous;O;237
12;.;O;237
13;In;O;238
13;Eregion;B-LOC;238
13;long;O;238
13;ago;O;238
13;many;O;238
13;Elven-rings;B-ARTIFACT;238
13;were;O;238
13;made;O;238
13;,;O;238
13;magic;B-ARTIFACT;238
13;rings;I-ARTIFACT;238
13;as;O;238
13;you;O;238
13;call;O;238
13;them;O;238
13;,;O;238
13;and;O;238
13;they;O;238
13;were;O;238
13;of;O;238
13;various;O;238
13;kinds;O;238
13;.;O;238
14;But;O;239
14;Narsil;B-ARTIFACT;239
14;was;O;239
14;broken;O;239
14;and;O;239
14;its;O;239
14;light;O;239
14;extinguished;O;239
14;,;O;239
14;and;O;239
14;it;O;239
14;has;O;239
14;not;O;239
14;yet;O;239
14;been;O;239
14;forged;O;239
14;again;O;239
14;.;O;239
15;For;O;240
15;here;O;240
15;alone;O;240
15;in;O;240
15;the;O;240
15;world;O;240
15;was;O;240
15;found;O;240
15;Moria-silver;B-ARTIFACT;240
15;,;O;240
15;or;O;240
15;true-silver;B-ARTIFACT;240
15;as;O;240
15;some;O;240
15;have;O;240
15;called;O;240
15;it;O;240
15;:;O;240
15;mithril;B-ARTIFACT;240
15;is;O;240
15;the;O;240
15;Elvish;O;240
15;name;O;240
15;.;O;240
16;And;O;241
16;if;O;241
16;he;O;241
16;often;O;241
16;uses;O;241
16;the;O;241
16;Ring;B-ARTIFACT;241
16;to;O;241
16;make;O;241
16;himself;O;241
16;invisible;B-SPELL;241
16;,;O;241
16;he;O;241
16;fades;B-SPELL;241
16;:;O;241
16;he;O;241
16;becomes;O;241
16;in;O;241
16;the;O;241
16;end;O;241
16;invisible;B-SPELL;241
16;permanently;O;241
16;.;O;241
17;It;O;242
17;may;O;242
17;have;O;242
17;other;O;242
17;powers;O;242
17;than;O;242
17;just;O;242
17;making;O;242
17;you;O;242
17;vanish;B-SPELL;242
17;when;O;242
17;you;O;242
17;wish;O;242
17;to;O;242
17;.;O;242
18;He;O;243
18;stood;O;243
18;enchanted;B-SPELL;243
18;";";O;243
18;but;O;243
18;the;O;243
18;spell;B-SPELL;243
18;that;O;243
18;was;O;243
18;now;O;243
18;laid;O;243
18;upon;O;243
18;him;O;243
18;was;O;243
18;different;O;243
18;:;O;243
18;less;O;243
18;keen;O;243
18;and;O;243
18;lofty;O;243
18;was;O;243
18;the;O;243
18;delight;O;243
18;.;O;243
19;The;O;244
19;hobbits;B-CREATURE;244
19;sat;O;244
19;still;O;244
19;before;O;244
19;him;O;244
19;,;O;244
19;enchanted;O;244
19;";";O;244
19;and;O;244
19;it;O;244
19;seemed;O;244
19;as;O;244
19;if;O;244
19;,;O;244
19;under;O;244
19;the;O;244
19;spell;O;244
19;of;O;244
19;his;O;244
19;words;O;244
19;,;O;244
19;the;O;244
19;wind;O;244
19;had;O;244
19;gone;O;244
19;.;O;244
20;Then;O;245
20;you;O;245
20;will;O;245
20;see;O;245
20;Gandalf;B-PER;245
20;the;I-PER;245
20;Grey;I-PER;245
20;uncloaked;B-SPELL;245
20;.;O;245
21;He;O;246
21;also;O;246
21;said;O;246
21;:;O;246
21;Do;O;246
21;not;O;246
21;use;O;246
21;it;O;246
21;,;O;246
21;or;O;246
21;the;O;246
21;Black;B-CREATURE;246
21;Riders;I-CREATURE;246
21;will;O;246
21;hear;O;246
21;the;O;246
21;call;O;246
21;of;O;246
21;the;O;246
21;Ring;B-ARTIFACT;246
21;.;O;246
22;The;O;247
22;ring;B-ARTIFACT;247
22;had;O;247
22;given;O;247
22;him;O;247
22;power;O;247
22;according;O;247
22;to;O;247
22;his;O;247
22;stature;O;247
22;.;O;247
23;He;O;248
23;caught;O;248
23;fish;O;248
23;in;O;248
23;deep;O;248
23;pools;O;248
23;with;O;248
23;invisible;B-SPELL;248
23;fingers;O;248
23;and;O;248
23;ate;O;248
23;them;O;248
23;raw;O;248
23;.;O;248
24;the;O;249
24;ring;B-ARTIFACT;249
24;had;O;249
24;an;O;249
24;unwholesome;O;249
24;power;O;249
24;that;O;249
24;set;O;249
24;to;O;249
24;work;O;249
24;on;O;249
24;its;O;249
24;keeper;O;249
24;at;O;249
24;once;O;249
24;.;O;249
25;In;O;250
25;this;O;250
25;phial;B-ARTIFACT;250
25;is;O;250
25;caught;O;250
25;the;O;250
25;light;B-SPELL;250
25;of;O;250
25;Eärendil;B-PER;250
25;star;O;250
25;,;O;250
25;set;O;250
25;amid;O;250
25;the;O;250
25;waters;O;250
25;of;O;250
25;my;O;250
25;fountain;O;250
25;.;O;250
26;Out;O;251
26;of;O;251
26;the;O;251
26;Black;O;251
26;Years;O;251
26;come;O;251
26;the;O;251
26;words;O;251
26;that;O;251
26;the;O;251
26;Smiths;B-ORG;251
26;of;O;251
26;Eregion;B-LOC;251
26;heard;O;251
26;,;O;251
26;and;O;251
26;knew;O;251
26;that;O;251
26;they;O;251
26;had;O;251
26;been;O;251
26;betrayed;O;251
26;:;O;251
26;One;B-ARTIFACT;251
26;Ring;I-ARTIFACT;251
26;to;O;251
26;rule;O;251
26;them;O;251
26;all;O;251
26;.;O;251
27;And;O;252
27;look;O;252
27;at;O;252
27;the;O;252
27;outlandish;O;252
27;folk;O;252
27;that;O;252
27;visit;O;252
27;him;O;252
27;:;O;252
27;dwarves;B-CREATURE;252
27;coming;O;252
27;at;O;252
27;night;O;252
27;,;O;252
27;and;O;252
27;that;O;252
27;old;O;252
27;wandering;O;252
27;conjuror;B-CREATURE;252
27;,;O;252
27;Gandalf;B-PER;252
27;,;O;252
27;and;O;252
27;all;O;252
27;.;O;252
28;Long;O;253
28;ago;O;253
28;they;O;253
28;fell;O;253
28;under;O;253
28;the;O;253
28;dominion;O;253
28;of;O;253
28;the;O;253
28;One;B-ARTIFACT;253
28;,;O;253
28;and;O;253
28;they;O;253
28;became;O;253
28;Ringwraiths;B-CREATURE;253
28;,;O;253
28;shadows;O;253
28;under;O;253
28;his;O;253
28;great;O;253
28;Shadow;O;253
28;,;O;253
28;his;O;253
28;most;O;253
28;terrible;O;253
28;servants;O;253
28;.;O;253
29;Indeed;O;254
29;I;O;254
29;spoke;O;254
29;of;O;254
29;them;O;254
29;once;O;254
29;to;O;254
29;you;O;254
29;";";O;254
29;for;O;254
29;the;O;254
29;Black;B-CREATURE;254
29;Riders;I-CREATURE;254
29;are;O;254
29;the;O;254
29;Ringwraiths;B-CREATURE;254
29;,;O;254
29;the;O;254
29;Nine;B-CREATURE;254
29;Servants;I-CREATURE;254
29;of;O;254
29;the;O;254
29;Lord;B-PER;254
29;of;I-PER;254
29;the;I-PER;254
29;Rings;I-PER;254
29;.;O;254
30;There;O;255
30;are;O;255
30;orcs;B-CREATURE;255
30;and;O;255
30;trolls;B-CREATURE;255
30;,;O;255
30;there;O;255
30;are;O;255
30;wargs;B-CREATURE;255
30;and;O;255
30;werewolves;B-CREATURE;255
30;";";O;255
30;and;O;255
30;there;O;255
30;have;O;255
30;been;O;255
30;and;O;255
30;still;O;255
30;are;O;255
30;many;O;255
30;Men;O;255
30;,;O;255
30;warriors;O;255
30;and;O;255
30;kings;O;255
30;.;O;255
31;The;O;256
31;Wargs;B-CREATURE;256
31;have;O;256
31;come;O;256
31;west;O;256
31;of;O;256
31;the;O;256
31;Mountains;O;256
31;!;O;256
32;Barrow-wights;B-CREATURE;257
32;walked;O;257
32;in;O;257
32;the;O;257
32;hollow;O;257
32;places;O;257
32;with;O;257
32;a;O;257
32;clink;B-ARTIFACT;257
32;of;O;257
32;rings;B-ARTIFACT;257
32;on;O;257
32;cold;O;257
32;fingers;O;257
32;,;O;257
32;and;O;257
32;gold;O;257
32;chains;B-ARTIFACT;257
32;in;O;257
32;the;O;257
32;wind;O;257
32;.;O;257
33;With;O;258
33;a;O;258
33;terrible;O;258
33;cry;O;258
33;the;O;258
33;Balrog;B-CREATURE;258
33;fell;O;258
33;forward;O;258
33;,;O;258
33;and;O;258
33;its;O;258
33;shadow;B-SPELL;258
33;plunged;O;258
33;down;O;258
33;and;O;258
33;vanished;O;258
33;.;O;258
34;The;O;259
34;Balrog;B-CREATURE;259
34;fell;O;259
34;back;O;259
34;and;O;259
34;its;O;259
34;sword;B-ARTIFACT;259
34;flew;O;259
34;up;O;259
34;in;O;259
34;molten;O;259
34;fragments;O;259
34;.;O;259
35;It;O;260
35;was;O;260
35;a;O;260
35;Balrog;B-CREATURE;260
35;of;O;260
35;Morgoth;B-PER;260
35;,;O;260
35;of;O;260
35;all;O;260
35;elf-banes;B-CREATURE;260
35;the;O;260
35;most;O;260
35;deadly;O;260
35;,;O;260
35;save;O;260
35;the;O;260
35;One;O;260
35;who;O;260
35;sits;O;260
35;in;O;260
35;the;O;260
35;Dark;B-LOC;260
35;Tower;I-LOC;260
35;.;O;260
36;Trolls;B-CREATURE;261
36;were;O;261
36;abroad;O;261
36;,;O;261
36;no;O;261
36;longer;O;261
36;dull-witted;O;261
36;,;O;261
36;but;O;261
36;cunning;O;261
36;and;O;261
36;armed;O;261
36;with;O;261
36;dreadful;O;261
36;weapons;O;261
36;.;O;261
37;But;O;262
37;where;O;262
37;the;O;262
37;warg;B-CREATURE;262
37;howls;O;262
37;,;O;262
37;there;O;262
37;also;O;262
37;the;O;262
37;orc;B-CREATURE;262
37;prowls;O;262
37;.;O;262
38;Gollum;B-CREATURE;263
38;had;O;263
38;used;O;263
38;the;O;263
38;ring;B-ARTIFACT;263
38;for;O;263
38;years;O;263
38;and;O;263
38;years;O;263
38;and;O;263
38;gradually;O;263
38;it;O;263
38;had;O;263
38;changed;O;263
38;him;O;263
38;.;O;263
39;I;O;264
39;wondered;O;264
39;often;O;264
39;how;O;264
39;Gollum;B-CREATURE;264
39;came;O;264
39;by;O;264
39;a;O;264
39;Great;B-ARTIFACT;264
39;Ring;I-ARTIFACT;264
39;,;O;264
39;as;O;264
39;plainly;O;264
39;it;O;264
39;was;O;264
39;that;O;264
39;it;O;264
39;was;O;264
39;a;O;264
39;Ring;B-ARTIFACT;264
39;of;I-ARTIFACT;264
39;Power;I-ARTIFACT;264
39;.;O;264
40;Even;O;265
40;in;O;265
40;the;O;265
40;Shire;B-LOC;265
40;the;O;265
40;rumour;O;265
40;of;O;265
40;the;O;265
40;Barrow-wights;B-CREATURE;265
40;of;O;265
40;the;O;265
40;Barrow-downs;B-LOC;265
40;beyond;O;265
40;the;O;265
40;Forest;B-LOC;265
40;had;O;265
40;been;O;265
40;heard;O;265
40;.;O;265
41;The;O;266
41;Elves;B-CREATURE;266
41;fear;O;266
41;them;O;266
41;";";O;266
41;for;O;266
41;the;O;266
41;Nazg?l;B-CREATURE;266
41;can;O;266
41;still;O;266
41;see;O;266
41;,;O;266
41;in;O;266
41;some;O;266
41;fashion;O;266
41;,;O;266
41;even;O;266
41;in;O;266
41;a;O;266
41;Wraith-world;B-LOC;266
41;.;O;266
42;It;O;267
42;has;O;267
42;been;O;267
42;said;O;267
42;that;O;267
42;dragon-fire;B-SPELL;267
42;could;O;267
42;melt;O;267
42;and;O;267
42;consume;O;267
42;the;O;267
42;Rings;B-ARTIFACT;267
42;of;I-ARTIFACT;267
42;Power;I-ARTIFACT;267
42;,;O;267
42;but;O;267
42;there;O;267
42;is;O;267
42;not;O;267
42;now;O;267
42;any;O;267
42;dragon;B-CREATURE;267
42;left;O;267
42;on;O;267
42;earth;O;267
42;in;O;267
42;which;O;267
42;the;O;267
42;old;O;267
42;fire;O;267
42;is;O;267
42;hot;O;267
42;enough;O;267
42;.;O;267
43;fear;O;268
43;the;O;268
43;Ringwraiths;B-CREATURE;268
43;,;O;268
43;for;O;268
43;those;O;268
43;who;O;268
43;have;O;268
43;dwelt;O;268
43;in;O;268
43;the;O;268
43;Blessed;B-LOC;268
43;Realm;I-LOC;268
43;live;O;268
43;at;O;268
43;once;O;268
43;in;O;268
43;both;O;268
43;worlds;O;268
43;.;O;268
44;Black;B-CREATURE;269
44;Riders;I-CREATURE;269
44;they;O;269
44;are;O;269
44;";";O;269
44;black;O;269
44;horses;O;269
44;they;O;269
44;rode;O;269
44;.;O;269
45;For;O;270
45;you;O;270
45;I;O;270
45;have;O;270
45;prepared;O;270
45;this;O;270
45;:;O;270
45;she;O;270
45;held;O;270
45;up;O;270
45;a;O;270
45;small;O;270
45;crystal;B-ARTIFACT;270
45;phial;I-ARTIFACT;270
45;that;O;270
45;glittered;O;270
45;as;O;270
45;she;O;270
45;moved;O;270
45;it;O;270
45;.;O;270
46;I;O;271
46;beheld;O;271
46;the;O;271
46;last;O;271
46;combat;O;271
46;on;O;271
46;the;O;271
46;slopes;O;271
46;of;O;271
46;Orodruin;B-LOC;271
46;,;O;271
46;where;O;271
46;Gil-galad;B-PER;271
46;died;O;271
46;,;B-PER;271
46;and;O;271
46;Elendil;B-ARTIFACT;271
46;fell;O;271
46;,;O;271
46;and;O;271
46;Narsil;O;271
46;broke;O;271
46;beneath;O;271
46;him;O;271
46;.;O;271
47;I;O;272
47;was;O;272
47;at;O;272
47;the;O;272
47;Battle;O;272
47;of;O;272
47;Dagorlad;B-LOC;272
47;before;O;272
47;the;O;272
47;Black;B-LOC;272
47;Gate;I-LOC;272
47;of;O;272
47;Mordor;B-LOC;272
47;,;O;272
47;where;O;272
47;we;O;272
47;had;O;272
47;the;O;272
47;mastery;O;272
47;:;O;272
47;for;O;272
47;the;O;272
47;Spear;B-ARTIFACT;272
47;of;O;272
47;Gil-galad;B-PER;272
47;and;B-ARTIFACT;272
47;the;O;272
47;Sword;B-ARTIFACT;272
47;of;O;272
47;Elendil;B-PER;272
47;,;O;272
47;Aiglos;B-PER;272
47;and;O;272
47;Narsil;B-PER;272
47;,;O;272
47;none;O;272
47;could;O;272
47;withstand;O;272
47;.;O;272
48;Three;O;273
48;Rings;B-ARTIFACT;273
48;for;O;273
48;the;O;273
48;Elven-kings;B-CREATURE;273
48;under;O;273
48;the;O;273
48;sky;O;273
48;,;O;273
48;Seven;O;273
48;for;O;273
48;the;O;273
48;Dwarf-lords;B-CREATURE;273
48;in;O;273
48;their;O;273
48;halls;O;273
48;of;O;273
48;stone;O;273
48;.;O;273
49;This;O;274
49;is;O;274
49;the;O;274
49;One;B-ARTIFACT;274
49;Ring;I-ARTIFACT;274
49;that;O;274
49;he;O;274
49;lost;O;274
49;many;O;274
49;ages;O;274
49;ago;O;274
49;,;O;274
49;to;O;274
49;the;O;274
49;great;O;274
49;weakening;B-SPELL;274
49;of;O;274
49;his;O;274
49;power;O;274
49;.;O;274
50;He;O;275
50;vanished;B-SPELL;275
50;and;O;275
50;passed;O;275
50;down;O;275
50;the;O;275
50;hill;O;275
50;,;O;275
50;less;O;275
50;than;O;275
50;a;O;275
50;rustle;O;275
50;of;O;275
50;the;O;275
50;wind;O;275
50;.;O;275
51;He;O;276
51;seemed;O;276
51;to;O;276
51;dwindle;B-SPELL;276
51;again;O;276
51;to;O;276
51;an;O;276
51;old;O;276
51;grey;O;276
51;man;O;276
51;,;O;276
51;bent;O;276
51;and;O;276
51;troubled;O;276
51;,;O;276
51;as;O;276
51;the;O;276
51;wizard;B-CREATURE;276
51;uncloaked;B-SPELL;276
51;his;O;276
51;power;B-SPELL;276
51;.;O;276
52;A;O;277
52;blinding;B-SPELL;277
52;flash;I-SPELL;277
52;of;I-SPELL;277
52;light;I-SPELL;277
52;came;O;277
52;from;O;277
52;Gandalf's;B-PER;277
52;staff;B-ARTIFACT;277
52;.;O;277
53;The;O;278
53;enchantment;B-SPELL;278
53;put;O;278
53;on;O;278
53;him;O;278
53;by;O;278
53;the;O;278
53;Old;B-LOC;278
53;Forest;I-LOC;278
53;was;O;278
53;broken;O;278
53;.;O;278
54;Tom;B-PER;279
54;Bombadil;I-PER;279
54;spoke;O;279
54;the;O;279
54;spell;B-SPELL;279
54;of;I-SPELL;279
54;release;I-SPELL;279
54;and;O;279
54;the;O;279
54;Barrow-wight;B-CREATURE;279
54;wailed;O;279
54;and;O;279
54;vanished;O;279
54;.;O;279
55;Under;O;280
55;the;O;280
55;boughs;O;280
55;of;O;280
55;Mirkwood;B-LOC;280
55;there;O;280
55;was;O;280
55;deadly;O;280
55;strife;O;280
55;of;O;280
55;Elves;B-CREATURE;280
55;and;O;280
55;Men;B-CREATURE;280
55;and;o;280
55;fell;O;280
55;beasts;B-CREATURE;280
55;.;O;280
56;Even;O;281
56;the;O;281
56;wild;o;281
56;Woses;B-CREATURE;281
56;,;O;281
56;the;O;281
56;men;O;281
56;of;o;281
56;the;O;281
56;Woods;B-LOC;281
56;,;O;281
56;fled;O;281
56;before;O;281
56;the;O;281
56;shadow;O;281
56;of;O;281
56;Sauron;B-PER;281
56;.;O;281
57;Then;O;282
57;Legolas;B-PER;282
57;and;O;282
57;Gimli;B-PER;282
57;ran;O;282
57;side;O;282
57;by;O;282
57;side;O;282
57;to;O;282
57;defend;O;282
57;the;O;282
57;gate;O;282
57;against;O;282
57;orc;B-CREATURE;282
57;and;O;282
57;troll;B-CREATURE;282
57;.;O;282
58;Saruman;B-PER;283
58;had;O;283
58;many;O;283
58;cunning;O;283
58;servants;O;283
58;:;O;283
58;orcs;B-CREATURE;283
58;,;O;283
58;wolves;B-CREATURE;283
58;,;O;283
58;and;O;283
58;evil;O;283
58;Men;B-CREATURE;283
58;.;O;283
59;The;O;284
59;Nazg?l;B-CREATURE;284
59;shrieked;O;284
59;as;O;284
59;the;O;284
59;rising;O;284
59;sun;O;284
59;scattered;O;284
59;their;O;284
59;shadow-forms;B-SPELL;284
59;.;O;284
60;Aragorn;B-PER;285
60;drew;O;285
60;the;O;285
60;sword;B-ARTIFACT;285
60;Andúril;B-ARTIFACT;285
60;,;O;285
60;Flame;B-ARTIFACT;285
60;of;I-ARTIFACT;285
60;the;I-ARTIFACT;285
60;West;I-ARTIFACT;285
60;,;O;285
60;from;O;285
60;its;O;285
60;dark;O;285
60;scabbard;B-ARTIFACT;285
60;.;O;285
61;From;O;286
61;a;O;286
61;locked;O;286
61;drawer;O;286
61;he;O;286
61;took;O;286
61;out;O;286
61;an;O;286
61;old;B-ARTIFACT;286
61;cloak;I-ARTIFACT;286
61;and;O;286
61;hood;B-ARTIFACT;286
61;that;O;286
61;had;O;286
61;been;O;286
61;put;O;286
61;away;O;286
61;as;O;286
61;if;O;286
61;very;O;286
61;precious;O;286
61;.;O;286
62;The;O;287
62;Dwarves;B-CREATURE;287
62;delved;O;287
62;too;O;287
62;greedily;O;287
62;and;O;287
62;disturbed;O;287
62;the;O;287
62;Balrog;B-CREATURE;287
62;in;O;287
62;the;O;287
62;depths;O;287
62;of;O;287
62;Moria;B-LOC;287
62;.;O;287
63;Old;O;288
63;Bilbo;B-PER;288
63;had;O;288
63;a;O;288
63;mithril;B-ARTIFACT;288
63;coat;I-ARTIFACT;288
63;of;I-ARTIFACT;288
63;rings;I-ARTIFACT;288
63;given;O;288
63;to;O;288
63;him;O;288
63;by;O;288
63;Thorin;B-PER;288
63;Oakenshield;I-PER;288
63;himself;O;288
63;.;O;288
64;His;O;289
64;helm;B-ARTIFACT;289
64;they;O;289
64;set;O;289
64;beside;O;289
64;him;O;289
64;,;O;289
64;and;O;289
64;across;O;289
64;his;O;289
64;lap;O;289
64;they;O;289
64;laid;O;289
64;the;O;289
64;cloven;B-ARTIFACT;289
64;horn;I-ARTIFACT;289
64;and;O;289
64;the;O;289
64;hilts;B-ARTIFACT;289
64;and;O;289
64;shards;O;289
64;of;O;289
64;his;O;289
64;sword;B-ARTIFACT;289
64;beneath;O;289
64;his;O;289
64;feet;O;289
64;.;O;289
65;Here;O;290
65;is;O;290
65;the;O;290
65;Sword;B-ARTIFACT;290
65;that;I-ARTIFACT;290
65;was;I-ARTIFACT;290
65;Broken;I-ARTIFACT;290
65;and;O;290
65;is;O;290
65;forged;O;290
65;again;O;290
65;!;O;290
66;He;O;291
66;took;O;291
66;his;O;291
66;staff;B-ARTIFACT;291
66;in;O;291
66;one;O;291
66;hand;O;291
66;and;O;291
66;the;O;291
66;phial;B-ARTIFACT;291
66;in;O;291
66;his;O;291
66;other;O;291
66;.;O;291
67;One;B-ARTIFACT;292
67;Ring;I-ARTIFACT;292
67;to;O;292
67;rule;B-SPELL;292
67;them;O;292
67;all;O;292
67;and;O;292
67;in;O;292
67;the;O;292
67;Darkness;O;292
67;bind;B-SPELL;292
67;them;O;292
67;.;O;292
68;Suddenly;O;293
68;the;O;293
68;clouds;O;293
68;were;O;293
68;seared;O;293
68;by;O;293
68;a;O;293
68;blinding;B-SPELL;293
68;flash;I-SPELL;293
68;,;O;293
68;and;O;293
68;Gandalf;B-PER;293
68;the;I-PER;293
68;White;I-PER;293
68;appeared;O;293
68;atop;O;293
68;the;O;293
68;hill;O;293
68;.;O;293
69;Slowly;O;294
69;his;O;294
69;hand;O;294
69;went;O;294
69;to;O;294
69;his;O;294
69;bosom;O;294
69;and;O;294
69;he;O;294
69;held;O;294
69;aloft;O;294
69;the;O;294
69;Phial;B-ARTIFACT;294
69;of;I-ARTIFACT;294
69;Galadriel;I-ARTIFACT;294
69;,;O;294
69;and;O;294
69;the;O;294
69;darkness;O;294
69;was;O;294
69;pierced;B-SPELL;294
69;by;O;294
69;its;O;294
69;light;O;294
69;.;O;294
70;The;O;295
70;Ring;B-ARTIFACT;295
70;had;O;295
70;made;O;295
70;Gollum;B-CREATURE;295
70;invisible;B-SPELL;295
70;to;O;295
70;all;O;295
70;eyes;O;295
70;,;O;295
70;and;O;295
70;he;O;295
70;lived;O;295
70;long;O;295
70;beyond;O;295
70;his;O;295
70;kind;O;295
70;by;O;295
70;its;O;295
70;sorcery;B-SPELL;295
70;.;O;295
71;Let;O;296
71;the;O;296
71;fighting;O;296
71;Uruk-hai;B-CREATURE;296
71;do;O;296
71;the;O;296
71;work;O;296
71;,;O;296
71;as;O;296
71;usual;O;296
71;.;O;296
72;But;O;297
72;these;O;297
72;creatures;O;297
72;of;O;297
72;Isengard;B-LOC;297
72;,;O;297
72;these;O;297
72;half-orcs;B-CREATURE;297
72;and;O;297
72;goblin-men;B-CREATURE;297
72;that;O;297
72;the;O;297
72;foul;O;297
72;craft;O;297
72;of;O;297
72;Saruman;B-PER;297
72;has;O;297
72;bred;O;297
72;,;O;297
72;they;O;297
72;will;O;297
72;not;O;297
72;quail;O;297
72;at;O;297
72;the;O;297
72;sun;O;297
72;.;O;297
73;Too;O;298
73;little;O;298
73;did;O;298
73;he;O;298
73;or;O;298
73;his;O;298
73;master;O;298
73;know;O;298
73;of;O;298
73;the;O;298
73;craft;O;298
73;of;O;298
73;Shelob;B-CREATURE;298
73;,;O;298
73;the;O;298
73;great;O;298
73;spider;B-CREATURE;298
73;.;O;298
74;They;O;299
74;still;O;299
74;have;O;299
74;voices;O;299
74;,;O;299
74;and;O;299
74;can;O;299
74;speak;O;299
74;with;O;299
74;the;O;299
74;Ents;B-CREATURE;299
74;";";O;299
74;that;O;299
74;is;O;299
74;why;O;299
74;they;O;299
74;are;O;299
74;called;O;299
74;Huorns;B-CREATURE;299
74;,;O;299
74;Treebeard;B-CREATURE;299
74;says;O;299
74;,;O;299
74;but;O;299
74;they;O;299
74;have;O;299
74;become;O;299
74;queer;O;299
74;and;O;299
74;wild;O;299
74;.;O;299
75;But;O;300
75;Shelob;B-CREATURE;300
75;was;O;300
75;not;O;300
75;as;O;300
75;dragons;B-CREATURE;300
75;are;O;300
75;,;O;300
75;no;O;300
75;softer;O;300
75;spot;O;300
75;had;O;300
75;she;O;300
75;save;O;300
75;only;O;300
75;her;O;300
75;eyes;O;300
75;.;O;300
